-- MySQL dump 10.13  Distrib 8.0.42, for Win64 (x86_64)
--
-- Host: localhost    Database: gemini_erp
-- ------------------------------------------------------
-- Server version	8.0.42

/*!40101 SET @OLD_CHARACTER_SET_CLIENT=@@CHARACTER_SET_CLIENT */;
/*!40101 SET @OLD_CHARACTER_SET_RESULTS=@@CHARACTER_SET_RESULTS */;
/*!40101 SET @OLD_COLLATION_CONNECTION=@@COLLATION_CONNECTION */;
/*!50503 SET NAMES utf8 */;
/*!40103 SET @OLD_TIME_ZONE=@@TIME_ZONE */;
/*!40103 SET TIME_ZONE='+00:00' */;
/*!40014 SET @OLD_UNIQUE_CHECKS=@@UNIQUE_CHECKS, UNIQUE_CHECKS=0 */;
/*!40014 SET @OLD_FOREIGN_KEY_CHECKS=@@FOREIGN_KEY_CHECKS, FOREIGN_KEY_CHECKS=0 */;
/*!40101 SET @OLD_SQL_MODE=@@SQL_MODE, SQL_MODE='NO_AUTO_VALUE_ON_ZERO' */;
/*!40111 SET @OLD_SQL_NOTES=@@SQL_NOTES, SQL_NOTES=0 */;

--
-- Table structure for table `clientes`
--

DROP TABLE IF EXISTS `clientes`;
/*!40101 SET @saved_cs_client     = @@character_set_client */;
/*!50503 SET character_set_client = utf8mb4 */;
CREATE TABLE `clientes` (
  `ClienteID` int NOT NULL AUTO_INCREMENT,
  `NomeCliente` varchar(255) COLLATE utf8mb4_unicode_ci NOT NULL,
  `ContatoCliente` varchar(255) COLLATE utf8mb4_unicode_ci DEFAULT NULL,
  PRIMARY KEY (`ClienteID`)
) ENGINE=InnoDB AUTO_INCREMENT=151 DEFAULT CHARSET=utf8mb4 COLLATE=utf8mb4_unicode_ci;
/*!40101 SET character_set_client = @saved_cs_client */;

--
-- Dumping data for table `clientes`
--

LOCK TABLES `clientes` WRITE;
/*!40000 ALTER TABLE `clientes` DISABLE KEYS */;
INSERT INTO `clientes` VALUES (1,'Consumidor Final','N/A'),(2,'Thiago Gomes',NULL),(3,'Eliane',NULL),(4,'Raynara',NULL),(5,'John',NULL),(6,'Anderson',NULL),(7,'Katinira',NULL),(8,'Juliana',NULL),(9,'Andreia',NULL),(10,'Paulo Nova Barra',NULL),(11,'Regina Celi',NULL),(12,'Thiago',NULL),(13,'Adriano',NULL),(14,'Bruno',NULL),(15,'Tereza',NULL),(16,'Antonio',NULL),(17,'Vasco olx',NULL),(18,'Chele',NULL),(19,'Thiago Oliveira',NULL),(20,'Felipe Augusto',NULL),(21,'Carlos',NULL),(22,'Lena',NULL),(23,'Felipe',NULL),(24,'Roberto',NULL),(25,'Robert Icaro',NULL),(26,'Igor Antunes',NULL),(27,'Marcio Siqueira',NULL),(28,'Rafael DG',NULL),(29,'Fabio',NULL),(30,'DG',NULL),(31,'Raphael',NULL),(32,'Gabriel Queles',NULL),(33,'Erica',NULL),(34,'Yohann',NULL),(35,'Rick Lessa',NULL),(36,'Rick',NULL),(37,'Sandro FP',NULL),(38,'Livia',NULL),(39,'Livia Pai',NULL),(40,'Livia Irmao',NULL),(41,'Nimar',NULL),(42,'Robert',NULL),(43,'Flores',NULL),(44,'Liane',NULL),(45,'Marcos André',NULL),(46,'Marcelo',NULL),(47,'Larissa',NULL),(48,'Rangel',NULL),(49,'Paulo Roberto',NULL),(50,'Deibson',NULL),(51,'Nélio',NULL),(52,'Daniel Silva',NULL),(53,'Frederico',NULL),(54,'Valente',NULL),(55,'Roberto Pagy',NULL),(56,'Yago',NULL),(57,'Rodrigo Lucateles',NULL),(58,'Nayara',NULL),(59,'Jackson',NULL),(60,'Marcos',NULL),(61,'Lucas',NULL),(62,'Thiago Barros',NULL),(63,'Leo',NULL),(64,'Joice',NULL),(65,'Julio',NULL),(66,'Denilson',NULL),(67,'Luciene',NULL),(68,'Genilson',NULL),(69,'Flavia',NULL),(70,'Sara',NULL),(71,'Ricardo',NULL),(72,'Davidson',NULL),(73,'Pericles',NULL),(74,'Dricka',NULL),(75,'Tiago',NULL),(76,'Claudio',NULL),(77,'Evaniel',NULL),(78,'Wagner',NULL),(79,'Repasse',NULL),(80,'Vaz',NULL),(81,'Carlos Henrique',NULL),(82,'Carlos Barbeiro',NULL),(83,'Kelly',NULL),(84,'Vilar',NULL),(85,'Fred',NULL),(86,'Rayane',NULL),(87,'Jessica',NULL),(88,'Cabelinho',NULL),(89,'Rafael',NULL),(90,'Paulo',NULL),(91,'Alex',NULL),(92,'Lia',NULL),(93,'Dahiana',NULL),(94,'Helen',NULL),(95,'Kiko',NULL),(96,'Juan',NULL),(97,'Carol',NULL),(98,'Caio',NULL),(99,'Leo Firmo',NULL),(100,'Vagner',NULL),(101,'Claudio Baterias',NULL),(102,'CURICICA',NULL),(103,'Jeorge',NULL),(104,'Guilherme',NULL),(105,'Douglas Almeida',NULL),(106,'Wellington',NULL),(107,'Tiago Estefaneli',NULL),(108,'Sillas',NULL),(109,'Wallace',NULL),(110,'Carlos Eduardo',NULL),(111,'Antonio Romao',NULL),(112,'Milena',NULL),(113,'Claudiovani',NULL),(114,'Natalia',NULL),(115,'Juio',NULL),(116,'Glaucia - Andreia',NULL),(117,'Dalvi',NULL),(118,'Aurea',NULL),(119,'Urucania - aline',NULL),(120,'Ana Neri',NULL),(121,'BRN',NULL),(122,'Maycon',NULL),(123,'Neemias',NULL),(124,'George',NULL),(125,'Nemzinho',NULL),(126,'Edgar',NULL),(127,'Joel',NULL),(128,'Brendon',NULL),(129,'Paulo Henrique',NULL),(130,'Mattheus Barbeiro',NULL),(131,'Jonathan',NULL),(132,'Junior',NULL),(133,'Pablo',NULL),(134,'Maicon',NULL),(135,'Felipi',NULL),(136,'Caroline',NULL),(137,'Renato',NULL),(138,'Bruno Farao',NULL),(139,'RENE',NULL),(140,'Fabiano',NULL),(141,'Michael',NULL),(142,'Maria Clara',NULL),(143,'Marcos Vinicius',NULL),(144,'LC',NULL),(145,'João Victor',NULL),(146,'Nathalia',NULL),(147,'Nathan',NULL),(148,'Vinicius',NULL),(149,'ROSENALDO',NULL),(150,'Fabio CEJA',NULL);
/*!40000 ALTER TABLE `clientes` ENABLE KEYS */;
UNLOCK TABLES;

--
-- Table structure for table `encomendascliente`
--

DROP TABLE IF EXISTS `encomendascliente`;
/*!40101 SET @saved_cs_client     = @@character_set_client */;
/*!50503 SET character_set_client = utf8mb4 */;
CREATE TABLE `encomendascliente` (
  `EncomendaClienteID` int NOT NULL AUTO_INCREMENT,
  `ClienteID` int NOT NULL,
  `DataEncomenda` date DEFAULT (curdate()),
  `Clube` varchar(150) COLLATE utf8mb4_unicode_ci NOT NULL,
  `Modelo` varchar(150) COLLATE utf8mb4_unicode_ci NOT NULL,
  `Tipo` enum('Masculina','Feminina','Infantil') COLLATE utf8mb4_unicode_ci NOT NULL,
  `Tamanho` varchar(20) COLLATE utf8mb4_unicode_ci NOT NULL,
  `Observacao` text COLLATE utf8mb4_unicode_ci,
  `StatusEncomenda` enum('Pendente','PedidoAoFornecedorFeito','ProdutoChegou','EntregueAoCliente','Cancelada') COLLATE utf8mb4_unicode_ci NOT NULL DEFAULT 'Pendente',
  `ProdutoIDAssociado` int DEFAULT NULL,
  PRIMARY KEY (`EncomendaClienteID`),
  KEY `ClienteID` (`ClienteID`),
  KEY `ProdutoIDAssociado` (`ProdutoIDAssociado`),
  CONSTRAINT `encomendascliente_ibfk_1` FOREIGN KEY (`ClienteID`) REFERENCES `clientes` (`ClienteID`) ON DELETE RESTRICT ON UPDATE CASCADE,
  CONSTRAINT `encomendascliente_ibfk_2` FOREIGN KEY (`ProdutoIDAssociado`) REFERENCES `produtos` (`ProdutoID`) ON DELETE SET NULL ON UPDATE CASCADE
) ENGINE=InnoDB AUTO_INCREMENT=14 DEFAULT CHARSET=utf8mb4 COLLATE=utf8mb4_unicode_ci;
/*!40101 SET character_set_client = @saved_cs_client */;

--
-- Dumping data for table `encomendascliente`
--

LOCK TABLES `encomendascliente` WRITE;
/*!40000 ALTER TABLE `encomendascliente` DISABLE KEYS */;
INSERT INTO `encomendascliente` VALUES (1,3,'2025-08-24','BOTAFOGO','III 2024','Feminina','G',NULL,'EntregueAoCliente',NULL),(2,3,'2025-08-24','BOTAFOGO','III 2024','Feminina','G',NULL,'Cancelada',NULL),(3,4,'2025-08-24','FLUMINENSE','TRICOLOR','Feminina','M',NULL,'EntregueAoCliente',NULL),(4,14,'2025-08-31','FLUMINENSE','NUMEROS','Masculina','GG',NULL,'Pendente',NULL),(5,15,'2025-08-31','FLUMINENSE','BRANCA','Feminina','M',NULL,'EntregueAoCliente',NULL),(6,16,'2025-08-31','BOTAFOGO','II 2025 MANGA LONGA','Masculina','XXL',NULL,'EntregueAoCliente',NULL),(7,17,'2025-08-31','VASCO','PRETA','Feminina','M',NULL,'EntregueAoCliente',NULL),(8,18,'2025-08-31','FLAMENGO','III 2025','Masculina','P',NULL,'EntregueAoCliente',NULL),(9,17,'2025-09-04','VASCO','LARANJA','Masculina','XXL',NULL,'EntregueAoCliente',NULL),(10,31,'2025-09-06','BOTAFOGO','III 2025','Masculina','XXL',NULL,'EntregueAoCliente',NULL),(11,34,'2025-09-06','FLAMENGO','IMPERADORES 87','Masculina','XXXXL',NULL,'EntregueAoCliente',NULL),(12,40,'2025-09-08','BOTAFOGO','III 2024','Masculina','G',NULL,'Pendente',NULL),(13,120,'2025-11-15','VASCO','III 2025','Masculina','M',NULL,'Pendente',NULL);
/*!40000 ALTER TABLE `encomendascliente` ENABLE KEYS */;
UNLOCK TABLES;

--
-- Table structure for table `itenspedidofornecedor`
--

DROP TABLE IF EXISTS `itenspedidofornecedor`;
/*!40101 SET @saved_cs_client     = @@character_set_client */;
/*!50503 SET character_set_client = utf8mb4 */;
CREATE TABLE `itenspedidofornecedor` (
  `ItemPedidoFornecedorID` int NOT NULL AUTO_INCREMENT,
  `PedidoFornecedorID` int NOT NULL,
  `ProdutoID` int NOT NULL,
  `QuantidadePedida` int NOT NULL,
  `CustoUnitarioFornecedor` decimal(10,2) NOT NULL,
  `CustoUnitarioComTaxas` decimal(10,2) DEFAULT NULL,
  `QuantidadeRecebida` int NOT NULL DEFAULT '0',
  `DataRecebimento` date DEFAULT NULL,
  `Chegou` tinyint(1) NOT NULL DEFAULT '0',
  PRIMARY KEY (`ItemPedidoFornecedorID`),
  KEY `PedidoFornecedorID` (`PedidoFornecedorID`),
  KEY `ProdutoID` (`ProdutoID`),
  CONSTRAINT `itenspedidofornecedor_ibfk_1` FOREIGN KEY (`PedidoFornecedorID`) REFERENCES `pedidosfornecedor` (`PedidoFornecedorID`) ON DELETE CASCADE ON UPDATE CASCADE,
  CONSTRAINT `itenspedidofornecedor_ibfk_2` FOREIGN KEY (`ProdutoID`) REFERENCES `produtos` (`ProdutoID`) ON DELETE RESTRICT ON UPDATE CASCADE,
  CONSTRAINT `itenspedidofornecedor_chk_1` CHECK ((`QuantidadePedida` > 0)),
  CONSTRAINT `itenspedidofornecedor_chk_2` CHECK ((`QuantidadeRecebida` >= 0))
) ENGINE=InnoDB AUTO_INCREMENT=339 DEFAULT CHARSET=utf8mb4 COLLATE=utf8mb4_unicode_ci;
/*!40101 SET character_set_client = @saved_cs_client */;

--
-- Dumping data for table `itenspedidofornecedor`
--

LOCK TABLES `itenspedidofornecedor` WRITE;
/*!40000 ALTER TABLE `itenspedidofornecedor` DISABLE KEYS */;
INSERT INTO `itenspedidofornecedor` VALUES (1,1,232,1,74.00,74.00,1,NULL,0),(2,1,233,2,74.00,74.00,2,NULL,0),(3,1,234,1,74.00,74.00,1,NULL,0),(4,1,235,1,74.00,74.00,1,NULL,0),(5,1,81,1,74.00,74.00,1,NULL,0),(6,1,236,1,74.00,74.00,1,NULL,0),(7,1,237,2,74.00,74.00,2,NULL,0),(8,1,224,1,74.00,74.00,1,NULL,0),(9,2,238,1,74.00,74.00,1,NULL,0),(10,2,40,1,74.00,74.00,1,NULL,0),(11,2,239,1,74.00,74.00,1,NULL,0),(12,2,240,1,65.00,65.00,1,NULL,0),(13,2,241,1,65.00,65.00,1,NULL,0),(14,2,242,1,65.00,65.00,1,NULL,0),(15,2,243,1,65.00,65.00,1,NULL,0),(16,3,244,1,65.00,65.00,1,NULL,0),(17,3,245,2,65.00,65.00,2,NULL,0),(18,3,246,3,65.00,65.00,3,NULL,0),(19,3,296,2,65.00,65.00,2,NULL,0),(20,3,247,2,65.00,65.00,2,NULL,0),(21,3,248,1,65.00,65.00,1,NULL,0),(22,3,249,1,65.00,65.00,1,NULL,0),(23,3,250,1,65.00,65.00,1,NULL,0),(24,3,251,1,65.00,65.00,1,NULL,0),(25,3,252,1,65.00,65.00,1,NULL,0),(26,3,253,1,65.00,65.00,1,NULL,0),(27,3,254,1,65.00,65.00,1,NULL,0),(28,3,255,1,65.00,65.00,1,NULL,0),(29,3,256,1,65.00,65.00,1,NULL,0),(30,3,257,1,65.00,65.00,1,NULL,0),(31,3,258,1,65.00,65.00,1,NULL,0),(32,3,259,1,65.00,65.00,1,NULL,0),(33,3,260,1,65.00,65.00,1,NULL,0),(34,3,261,1,65.00,65.00,1,NULL,0),(35,3,262,1,65.00,65.00,1,NULL,0),(36,3,263,1,65.00,65.00,1,NULL,0),(37,3,264,1,65.00,65.00,1,NULL,0),(38,4,265,1,50.00,50.00,1,NULL,0),(39,5,266,1,70.00,70.00,1,NULL,0),(40,5,267,1,70.00,70.00,1,NULL,0),(41,5,67,1,70.00,70.00,1,NULL,0),(42,6,250,1,50.00,50.00,1,NULL,0),(43,6,251,1,50.00,50.00,1,NULL,0),(44,6,268,1,50.00,50.00,1,NULL,0),(45,6,269,1,50.00,50.00,1,NULL,0),(46,6,259,1,50.00,50.00,1,NULL,0),(47,6,260,2,50.00,50.00,2,NULL,0),(48,6,261,2,50.00,50.00,2,NULL,0),(49,6,262,1,50.00,50.00,1,NULL,0),(50,6,263,2,50.00,50.00,2,NULL,0),(51,6,264,2,50.00,50.00,2,NULL,0),(52,7,232,1,50.00,50.00,1,NULL,0),(53,7,233,1,50.00,50.00,1,NULL,0),(54,7,234,1,50.00,50.00,1,NULL,0),(55,7,235,1,50.00,50.00,1,NULL,0),(56,7,270,1,50.00,50.00,1,NULL,0),(57,7,271,2,50.00,50.00,2,NULL,0),(58,7,272,2,50.00,50.00,2,NULL,0),(59,7,273,1,50.00,50.00,1,NULL,0),(60,7,274,1,50.00,50.00,1,NULL,0),(61,7,275,1,50.00,50.00,1,NULL,0),(62,7,276,1,50.00,50.00,1,NULL,0),(63,7,277,1,50.00,50.00,1,NULL,0),(64,7,278,1,50.00,50.00,1,NULL,0),(65,7,74,1,50.00,50.00,1,NULL,0),(66,7,279,1,50.00,50.00,1,NULL,0),(67,7,280,1,50.00,50.00,1,NULL,0),(68,7,281,1,50.00,50.00,1,NULL,0),(69,7,282,1,50.00,50.00,1,NULL,0),(70,7,283,1,50.00,50.00,1,NULL,0),(71,7,284,1,50.00,50.00,1,NULL,0),(72,7,243,1,50.00,50.00,1,NULL,0),(73,7,285,1,50.00,50.00,1,NULL,0),(74,7,286,1,50.00,50.00,1,NULL,0),(75,7,287,2,50.00,50.00,2,NULL,0),(76,8,12,1,50.00,50.00,1,NULL,0),(77,8,10,3,50.00,50.00,3,NULL,0),(78,8,11,4,50.00,50.00,4,NULL,0),(79,8,113,4,50.00,50.00,4,NULL,0),(80,8,133,4,50.00,50.00,4,NULL,0),(81,8,289,2,50.00,50.00,2,NULL,0),(82,8,125,4,50.00,50.00,4,NULL,0),(88,10,295,1,95.00,95.00,1,NULL,0),(89,11,247,1,95.00,95.00,1,NULL,0),(90,12,258,2,65.00,65.00,2,NULL,0),(91,12,259,2,65.00,65.00,2,NULL,0),(92,12,260,2,65.00,65.00,2,NULL,0),(93,12,261,2,65.00,65.00,2,NULL,0),(94,12,262,2,65.00,65.00,2,NULL,0),(95,12,263,1,65.00,65.00,1,NULL,0),(96,12,264,2,80.00,80.00,2,NULL,0),(97,12,297,1,65.00,65.00,1,NULL,0),(98,12,298,1,65.00,65.00,1,NULL,0),(99,12,299,1,65.00,65.00,1,NULL,0),(100,12,300,1,75.00,75.00,1,NULL,0),(101,12,301,1,75.00,75.00,1,NULL,0),(102,12,221,1,65.00,65.00,1,NULL,0),(103,12,224,1,65.00,65.00,1,NULL,0),(104,12,246,1,65.00,65.00,1,NULL,0),(105,12,296,1,65.00,65.00,1,NULL,0),(106,13,260,1,65.00,65.00,1,NULL,0),(107,14,302,1,95.00,95.00,1,NULL,0),(108,14,303,1,95.00,95.00,1,NULL,0),(109,15,304,1,65.00,65.00,1,NULL,0),(110,15,305,1,65.00,65.00,1,NULL,0),(111,15,306,1,65.00,65.00,1,NULL,0),(112,15,285,1,65.00,65.00,1,NULL,0),(113,15,287,1,65.00,65.00,1,NULL,0),(114,16,307,1,75.00,75.00,1,NULL,0),(115,16,170,1,75.00,75.00,1,NULL,0),(116,17,303,1,85.00,85.00,1,NULL,0),(117,18,308,1,50.00,50.00,1,NULL,0),(118,18,309,3,50.00,50.00,3,NULL,0),(119,18,310,1,50.00,50.00,1,NULL,0),(120,18,303,1,50.00,50.00,1,NULL,0),(121,18,311,1,50.00,50.00,1,NULL,0),(122,18,312,1,50.00,50.00,1,NULL,0),(123,18,313,1,50.00,50.00,1,NULL,0),(124,18,314,1,50.00,50.00,1,NULL,0),(125,18,315,1,50.00,50.00,1,NULL,0),(126,18,316,1,50.00,50.00,1,NULL,0),(127,18,317,1,50.00,50.00,1,NULL,0),(128,18,318,3,50.00,50.00,3,NULL,0),(129,18,319,2,50.00,50.00,2,NULL,0),(130,18,320,2,50.00,50.00,2,NULL,0),(131,18,321,1,50.00,50.00,1,NULL,0),(132,18,322,1,50.00,50.00,1,NULL,0),(133,18,323,1,50.00,50.00,1,NULL,0),(134,18,324,3,50.00,50.00,3,NULL,0),(135,18,325,1,50.00,50.00,1,NULL,0),(136,18,326,1,50.00,50.00,1,NULL,0),(137,18,327,1,50.00,50.00,1,NULL,0),(138,18,323,1,50.00,50.00,1,NULL,0),(139,19,328,1,65.00,65.00,1,NULL,0),(140,19,329,1,65.00,65.00,1,NULL,0),(141,19,61,1,65.00,65.00,1,NULL,0),(142,19,62,1,65.00,65.00,1,NULL,0),(143,19,59,1,65.00,65.00,1,NULL,0),(144,19,330,1,65.00,65.00,1,NULL,0),(145,19,76,1,65.00,65.00,1,NULL,0),(146,19,331,1,65.00,65.00,1,NULL,0),(147,19,224,1,65.00,65.00,1,NULL,0),(148,19,301,1,65.00,65.00,1,NULL,0),(149,19,332,1,65.00,65.00,1,NULL,0),(150,19,333,1,65.00,65.00,1,NULL,0),(151,20,244,1,95.00,95.00,1,NULL,0),(152,20,251,2,95.00,95.00,2,NULL,0),(153,20,252,1,95.00,95.00,1,NULL,0),(154,20,269,2,95.00,95.00,2,NULL,0),(155,21,245,2,65.00,65.00,2,NULL,0),(156,21,246,2,65.00,65.00,2,NULL,0),(157,21,296,1,65.00,65.00,1,NULL,0),(158,21,248,1,65.00,65.00,1,NULL,0),(159,21,249,1,65.00,65.00,1,NULL,0),(160,21,309,3,75.00,75.00,3,NULL,0),(161,21,260,1,85.00,85.00,1,NULL,0),(162,21,261,1,85.00,85.00,1,NULL,0),(163,21,263,1,95.00,95.00,1,NULL,0),(164,22,245,1,65.00,65.00,1,NULL,0),(165,23,318,3,78.00,78.00,3,NULL,0),(166,23,251,1,70.00,70.00,1,NULL,0),(168,23,253,1,70.00,70.00,1,NULL,0),(170,24,343,1,85.00,85.00,1,NULL,0),(171,24,319,1,85.00,85.00,1,NULL,0),(172,24,296,2,75.00,75.00,2,NULL,0),(173,24,245,1,75.00,75.00,1,NULL,0),(174,24,258,1,75.00,75.00,1,NULL,0),(175,24,337,1,45.00,45.00,1,NULL,0),(176,24,338,1,45.00,45.00,1,NULL,0),(177,24,339,1,45.00,45.00,1,NULL,0),(178,25,269,2,90.00,90.00,2,NULL,0),(179,26,34,1,0.00,0.00,1,NULL,0),(181,28,7,1,0.00,0.00,1,NULL,0),(182,29,344,1,50.00,50.00,1,NULL,0),(183,29,345,1,50.00,50.00,1,NULL,0),(184,29,346,1,50.00,50.00,1,NULL,0),(185,29,274,1,50.00,50.00,1,NULL,0),(186,29,347,1,50.00,50.00,1,NULL,0),(187,29,348,1,50.00,50.00,1,NULL,0),(188,29,265,1,50.00,50.00,1,NULL,0),(189,30,349,1,65.00,65.00,0,NULL,0),(190,30,3,1,50.00,50.00,1,NULL,0),(191,30,4,1,50.00,50.00,1,NULL,0),(192,30,350,1,75.00,75.00,0,NULL,0),(193,31,351,1,0.00,0.00,1,NULL,0),(194,31,3,1,0.00,0.00,0,NULL,0),(195,31,4,1,0.00,0.00,1,NULL,0),(196,32,358,1,75.00,75.00,1,NULL,0),(197,32,359,1,75.00,75.00,1,NULL,0),(198,32,360,1,75.00,75.00,1,NULL,0),(199,32,361,1,75.00,75.00,1,NULL,0),(200,32,239,1,75.00,75.00,1,NULL,0),(201,33,71,1,50.00,50.00,1,NULL,0),(202,33,70,1,50.00,50.00,1,NULL,0),(203,33,67,1,50.00,50.00,1,NULL,0),(204,33,316,1,50.00,50.00,1,NULL,0),(205,33,317,1,50.00,50.00,1,NULL,0),(206,33,250,1,50.00,50.00,1,NULL,0),(207,33,251,1,50.00,50.00,1,NULL,0),(208,33,252,1,50.00,50.00,1,NULL,0),(209,33,269,2,50.00,50.00,2,NULL,0),(210,33,267,1,50.00,50.00,1,NULL,0),(211,33,239,1,50.00,50.00,1,NULL,0),(212,33,362,1,50.00,50.00,1,NULL,0),(213,33,363,1,50.00,50.00,1,NULL,0),(214,33,348,1,50.00,50.00,1,NULL,0),(215,34,364,1,50.00,50.00,1,NULL,0),(216,34,365,1,50.00,50.00,1,NULL,0),(217,34,366,1,50.00,50.00,1,NULL,0),(218,34,367,1,50.00,50.00,1,NULL,0),(219,34,368,1,50.00,50.00,1,NULL,0),(220,34,369,1,50.00,50.00,1,NULL,0),(221,34,370,1,50.00,50.00,1,NULL,0),(226,34,375,1,50.00,50.00,1,NULL,0),(227,35,56,1,50.00,50.00,0,NULL,0),(228,35,313,1,50.00,50.00,0,NULL,0),(229,35,376,1,50.00,50.00,0,NULL,0),(230,35,310,1,50.00,50.00,0,NULL,0),(231,35,303,1,50.00,50.00,0,NULL,0),(232,35,311,1,50.00,50.00,0,NULL,0),(233,35,255,1,50.00,50.00,0,NULL,0),(234,35,377,1,50.00,50.00,0,NULL,0),(235,35,245,1,50.00,50.00,0,NULL,0),(236,36,378,1,80.00,80.00,1,NULL,0),(237,36,117,1,80.00,80.00,1,NULL,0),(238,36,379,1,80.00,80.00,1,NULL,0),(239,36,380,1,80.00,80.00,1,NULL,0),(240,36,381,1,80.00,80.00,1,NULL,0),(241,37,382,1,50.00,50.00,1,NULL,0),(242,37,383,1,50.00,50.00,1,NULL,0),(243,38,245,1,50.00,50.00,0,NULL,0),(244,38,246,2,50.00,50.00,0,NULL,0),(245,38,296,2,50.00,50.00,0,NULL,0),(246,38,384,1,50.00,50.00,0,NULL,0),(247,38,385,1,50.00,50.00,0,NULL,0),(248,38,386,1,50.00,50.00,0,NULL,0),(249,38,387,1,50.00,50.00,0,NULL,0),(250,38,388,1,50.00,50.00,0,NULL,0),(251,38,389,1,50.00,50.00,0,NULL,0),(252,38,390,1,50.00,50.00,0,NULL,0),(253,38,391,1,50.00,50.00,0,NULL,0),(254,38,392,1,50.00,50.00,0,NULL,0),(255,38,393,1,50.00,50.00,0,NULL,0),(256,38,394,1,50.00,50.00,0,NULL,0),(257,38,395,1,50.00,50.00,0,NULL,0),(258,38,396,1,50.00,50.00,0,NULL,0),(259,38,397,1,50.00,50.00,0,NULL,0),(260,38,398,1,50.00,50.00,0,NULL,0),(261,38,399,1,50.00,50.00,0,NULL,0),(262,38,400,1,50.00,50.00,0,NULL,0),(263,38,312,1,50.00,50.00,0,NULL,0),(264,38,401,1,50.00,50.00,0,NULL,0),(265,38,402,1,50.00,50.00,0,NULL,0),(266,38,403,2,50.00,50.00,0,NULL,0),(267,38,404,2,50.00,50.00,0,NULL,0),(268,38,405,2,50.00,50.00,0,NULL,0),(269,38,406,1,50.00,50.00,0,NULL,0),(270,38,407,1,50.00,50.00,0,NULL,0),(271,38,43,2,50.00,50.00,0,NULL,0),(272,38,310,1,50.00,50.00,0,NULL,0),(273,38,303,1,50.00,50.00,0,NULL,0),(274,38,311,1,50.00,50.00,0,NULL,0),(275,38,408,1,50.00,50.00,0,NULL,0),(276,38,409,1,50.00,50.00,0,NULL,0),(277,38,409,1,50.00,50.00,0,NULL,0),(278,38,410,1,50.00,50.00,0,NULL,0),(279,38,411,1,50.00,50.00,0,NULL,0),(280,38,250,1,50.00,50.00,0,NULL,0),(281,38,251,1,50.00,50.00,0,NULL,0),(282,38,412,1,50.00,50.00,0,NULL,0),(283,38,316,1,50.00,50.00,0,NULL,0),(284,38,317,1,50.00,50.00,0,NULL,0),(285,38,413,1,50.00,50.00,0,NULL,0),(286,38,414,1,50.00,50.00,0,NULL,0),(287,38,239,1,50.00,50.00,0,NULL,0),(288,38,415,1,50.00,50.00,0,NULL,0),(289,38,416,1,50.00,50.00,0,NULL,0),(290,38,353,1,50.00,50.00,0,NULL,0),(291,38,417,1,50.00,50.00,0,NULL,0),(292,34,418,1,50.00,50.00,1,NULL,0),(293,34,419,1,50.00,50.00,1,NULL,0),(294,39,420,1,150.00,150.00,1,NULL,0),(295,39,421,1,150.00,150.00,1,NULL,0),(296,39,422,1,150.00,150.00,1,NULL,0),(297,39,423,1,150.00,150.00,1,NULL,0),(298,39,424,1,80.00,80.00,1,NULL,0),(299,40,3,1,140.00,140.00,1,NULL,0),(300,40,7,2,140.00,140.00,2,NULL,0),(301,40,425,1,140.00,140.00,1,NULL,0),(302,40,426,1,140.00,140.00,1,NULL,0),(303,40,427,1,140.00,140.00,1,NULL,0),(304,40,428,1,140.00,140.00,1,NULL,0),(305,41,429,1,85.00,85.00,1,NULL,0),(306,41,17,1,85.00,85.00,1,NULL,0),(307,41,18,1,85.00,85.00,1,NULL,0),(308,41,430,1,85.00,85.00,1,NULL,0),(309,41,431,1,85.00,85.00,1,NULL,0),(310,41,432,1,85.00,85.00,1,NULL,0),(311,41,386,2,85.00,85.00,2,NULL,0),(312,42,378,1,85.00,85.00,1,NULL,0),(313,42,433,1,85.00,85.00,1,NULL,0),(314,42,8,2,85.00,85.00,2,NULL,0),(315,42,434,2,85.00,85.00,2,NULL,0),(316,42,435,1,85.00,85.00,1,NULL,0),(317,42,436,1,85.00,85.00,1,NULL,0),(318,42,437,1,85.00,85.00,1,NULL,0),(319,42,438,1,85.00,85.00,1,NULL,0),(320,42,426,1,85.00,85.00,1,NULL,0),(321,42,439,1,85.00,85.00,1,NULL,0),(322,43,440,1,50.00,50.00,1,NULL,0),(323,44,337,1,45.00,45.00,1,NULL,0),(324,45,30,1,80.00,80.00,1,NULL,0),(325,45,441,1,80.00,80.00,1,NULL,0),(326,45,442,1,80.00,80.00,1,NULL,0),(327,45,443,1,80.00,80.00,1,NULL,0),(328,45,444,1,80.00,80.00,1,NULL,0),(329,45,445,1,80.00,80.00,1,NULL,0),(330,45,3,5,80.00,80.00,5,NULL,0),(331,45,4,5,80.00,80.00,5,NULL,0),(332,45,1,1,80.00,80.00,1,NULL,0),(333,45,2,1,80.00,80.00,1,NULL,0),(334,45,11,3,80.00,80.00,3,NULL,0),(335,45,289,2,80.00,80.00,2,NULL,0),(336,45,133,1,80.00,80.00,1,NULL,0),(337,45,133,1,80.00,80.00,1,NULL,0),(338,46,278,1,50.00,50.00,1,NULL,0);
/*!40000 ALTER TABLE `itenspedidofornecedor` ENABLE KEYS */;
UNLOCK TABLES;

--
-- Table structure for table `itensvenda`
--

DROP TABLE IF EXISTS `itensvenda`;
/*!40101 SET @saved_cs_client     = @@character_set_client */;
/*!50503 SET character_set_client = utf8mb4 */;
CREATE TABLE `itensvenda` (
  `ItemVendaID` int NOT NULL AUTO_INCREMENT,
  `VendaID` int NOT NULL,
  `ProdutoID` int NOT NULL,
  `Quantidade` int NOT NULL,
  `PrecoVendaUnitarioRegistrado` decimal(10,2) NOT NULL,
  `CustoMedioUnitarioRegistrado` decimal(10,2) NOT NULL,
  PRIMARY KEY (`ItemVendaID`),
  KEY `VendaID` (`VendaID`),
  KEY `ProdutoID` (`ProdutoID`),
  CONSTRAINT `itensvenda_ibfk_1` FOREIGN KEY (`VendaID`) REFERENCES `vendas` (`VendaID`) ON DELETE CASCADE ON UPDATE CASCADE,
  CONSTRAINT `itensvenda_ibfk_2` FOREIGN KEY (`ProdutoID`) REFERENCES `produtos` (`ProdutoID`) ON DELETE RESTRICT ON UPDATE CASCADE,
  CONSTRAINT `itensvenda_chk_1` CHECK ((`Quantidade` > 0))
) ENGINE=InnoDB AUTO_INCREMENT=407 DEFAULT CHARSET=utf8mb4 COLLATE=utf8mb4_unicode_ci;
/*!40101 SET character_set_client = @saved_cs_client */;

--
-- Dumping data for table `itensvenda`
--

LOCK TABLES `itensvenda` WRITE;
/*!40000 ALTER TABLE `itensvenda` DISABLE KEYS */;
INSERT INTO `itensvenda` VALUES (1,1,113,1,140.00,50.00),(2,2,113,1,140.00,50.00),(3,3,114,1,180.00,70.00),(4,4,119,1,140.00,70.00),(5,5,116,1,140.00,70.00),(6,6,221,1,110.00,70.00),(7,7,118,1,140.00,70.00),(8,8,119,1,140.00,70.00),(9,9,118,1,140.00,70.00),(10,10,74,1,110.00,70.00),(11,11,120,1,140.00,70.00),(12,12,119,1,140.00,70.00),(13,13,15,1,140.00,70.00),(14,14,72,1,140.00,70.00),(15,15,10,1,140.00,50.00),(16,16,68,1,140.00,70.00),(17,17,29,1,140.00,70.00),(18,18,124,1,140.00,70.00),(19,19,125,1,140.00,50.00),(20,20,126,1,140.00,70.00),(21,21,127,1,140.00,70.00),(22,22,65,1,140.00,70.00),(23,23,33,1,140.00,70.00),(24,24,34,1,140.00,70.00),(25,25,31,1,140.00,70.00),(26,26,130,1,140.00,70.00),(27,27,131,1,140.00,70.00),(28,28,68,1,140.00,70.00),(29,29,74,1,100.00,70.00),(30,30,78,1,100.00,70.00),(31,31,223,1,140.00,70.00),(32,32,98,1,140.00,70.00),(33,33,130,1,140.00,70.00),(34,34,133,1,140.00,50.00),(35,35,68,1,140.00,70.00),(36,36,172,1,160.00,70.00),(37,37,66,1,140.00,70.00),(38,38,125,1,140.00,50.00),(39,39,118,1,140.00,70.00),(40,40,168,1,140.00,70.00),(41,41,169,1,140.00,70.00),(42,42,170,1,140.00,70.00),(43,43,68,1,140.00,70.00),(44,44,118,1,140.00,70.00),(45,45,126,1,140.00,70.00),(46,46,171,1,140.00,70.00),(47,47,172,1,160.00,70.00),(48,48,30,1,140.00,70.00),(49,49,68,1,140.00,70.00),(50,50,224,1,140.00,74.00),(51,51,221,1,140.00,70.00),(52,52,72,1,170.00,70.00),(53,53,99,1,180.00,70.00),(54,54,65,1,140.00,70.00),(55,55,68,1,150.00,70.00),(56,56,3,1,100.00,70.00),(57,57,11,1,140.00,54.00),(58,58,118,1,140.00,70.00),(59,59,79,1,120.00,70.00),(60,60,74,1,110.00,70.00),(61,61,130,1,140.00,70.00),(62,62,66,1,140.00,70.00),(63,63,28,1,140.00,70.00),(64,64,62,1,130.00,70.00),(65,65,178,1,80.00,70.00),(66,66,81,1,180.00,72.00),(67,67,40,1,140.00,72.00),(68,68,4,1,140.00,70.00),(69,69,11,1,140.00,54.00),(70,70,130,1,140.00,70.00),(141,141,50,1,140.00,70.00),(142,142,40,1,2.00,72.00),(143,143,12,1,140.00,70.00),(144,144,31,1,160.00,70.00),(145,145,69,1,140.00,70.00),(146,146,71,1,140.00,70.00),(147,147,3,1,140.00,70.00),(148,148,265,1,140.00,50.00),(149,149,4,1,140.00,70.00),(150,150,240,1,140.00,65.00),(151,151,239,1,140.00,70.00),(152,152,48,1,140.00,70.00),(153,153,74,1,140.00,70.00),(154,154,13,1,140.00,70.00),(155,155,266,1,140.00,70.00),(156,156,55,1,100.00,70.00),(157,157,78,1,140.00,70.00),(158,158,224,1,140.00,74.00),(159,159,68,1,140.00,70.00),(160,160,243,1,140.00,65.00),(161,161,242,1,140.00,65.00),(162,162,85,1,180.00,70.00),(163,163,233,1,140.00,74.00),(164,164,289,1,140.00,50.00),(165,165,118,1,140.00,70.00),(166,166,263,1,140.00,95.00),(167,167,261,1,140.00,95.00),(168,168,282,1,140.00,50.00),(169,169,274,1,140.00,50.00),(170,170,6,1,140.00,70.00),(171,171,245,1,160.00,65.00),(172,172,34,1,160.00,70.00),(173,173,11,1,140.00,54.00),(174,174,265,1,140.00,50.00),(175,175,260,1,140.00,65.00),(176,176,262,1,140.00,75.00),(177,177,261,1,140.00,65.00),(178,178,259,1,140.00,65.00),(179,179,14,1,140.00,70.00),(180,180,297,1,140.00,65.00),(181,181,300,1,140.00,75.00),(182,182,298,1,140.00,65.00),(183,183,279,1,140.00,50.00),(184,184,258,1,140.00,65.00),(186,186,18,1,160.00,70.00),(187,187,11,1,140.00,54.00),(188,188,260,1,140.00,65.00),(189,189,262,1,140.00,75.00),(190,190,259,1,140.00,65.00),(191,191,263,1,140.00,65.00),(192,192,3,1,140.00,70.00),(193,193,4,1,140.00,70.00),(194,194,302,1,140.00,95.00),(195,195,286,1,140.00,50.00),(196,196,303,1,140.00,95.00),(197,197,258,1,140.00,65.00),(198,198,70,1,140.00,70.00),(199,199,301,1,140.00,75.00),(200,200,264,1,140.00,80.00),(201,201,264,1,140.00,80.00),(202,202,287,1,140.00,55.00),(203,203,307,1,140.00,75.00),(204,204,303,1,140.00,85.00),(205,205,118,1,140.00,70.00),(206,206,271,1,140.00,50.00),(207,207,250,1,140.00,65.00),(208,208,296,1,140.00,65.00),(209,209,11,1,140.00,54.00),(210,210,246,1,140.00,65.00),(211,211,1,1,140.00,70.00),(212,212,253,1,140.00,65.00),(213,213,296,1,140.00,65.00),(214,214,252,1,140.00,65.00),(215,215,71,1,140.00,70.00),(216,216,15,1,140.00,70.00),(217,217,245,1,140.00,65.00),(218,218,251,1,140.00,57.50),(219,219,272,1,140.00,91.50),(220,220,258,1,140.00,65.00),(221,221,251,1,140.00,82.50),(222,222,245,1,140.00,65.00),(223,223,255,1,140.00,65.00),(224,224,269,1,140.00,50.00),(225,225,32,1,130.00,70.00),(226,226,34,1,130.00,0.00),(227,227,269,1,140.00,95.00),(228,228,250,1,140.00,50.00),(229,229,5,1,140.00,70.00),(230,230,125,1,140.00,50.00),(231,231,269,1,140.00,95.00),(232,232,251,1,140.00,82.50),(233,233,251,1,140.00,82.50),(234,234,246,1,140.00,65.00),(235,235,267,1,140.00,70.00),(236,236,133,1,140.00,50.00),(237,237,257,1,140.00,65.00),(238,238,254,1,140.00,65.00),(239,239,296,1,140.00,65.00),(240,240,245,1,140.00,65.00),(241,241,67,1,140.00,70.00),(242,242,299,1,140.00,65.00),(243,243,333,1,140.00,65.00),(244,244,332,1,140.00,65.00),(245,245,269,1,140.00,90.00),(246,246,251,1,140.00,70.00),(247,247,252,1,140.00,95.00),(248,248,318,1,140.00,78.00),(249,249,313,1,140.00,50.00),(250,250,269,1,140.00,90.00),(251,251,311,1,140.00,50.00),(252,252,319,1,180.00,85.00),(253,253,253,1,140.00,70.00),(254,254,317,1,140.00,50.00),(255,255,309,1,140.00,62.50),(256,256,245,1,140.00,70.00),(257,257,246,1,140.00,65.00),(258,258,318,1,140.00,61.20),(259,259,296,1,140.00,71.67),(260,260,246,1,90.00,65.00),(261,261,125,1,95.00,50.00),(262,262,62,1,140.00,67.50),(263,263,319,1,180.00,50.00),(264,264,9,1,180.00,70.00),(265,265,338,1,90.00,45.00),(266,266,326,1,160.00,50.00),(267,267,244,1,140.00,95.00),(268,268,245,1,140.00,70.00),(269,269,323,1,180.00,50.00),(270,270,303,1,140.00,50.00),(271,271,290,1,140.00,91.50),(272,272,319,1,180.00,50.00),(273,273,310,1,140.00,50.00),(274,274,27,1,160.00,70.00),(275,275,316,1,140.00,50.00),(276,276,22,1,140.00,70.00),(277,277,29,1,140.00,70.00),(278,278,318,1,130.00,61.20),(279,279,309,2,140.00,62.50),(280,280,56,1,140.00,91.50),(281,281,258,1,140.00,75.00),(282,282,41,1,140.00,91.50),(283,283,318,1,140.00,61.20),(284,284,318,1,140.00,61.20),(285,285,61,1,140.00,68.33),(286,286,51,1,140.00,91.50),(287,287,79,1,140.00,70.00),(288,288,264,1,140.00,55.00),(289,289,42,1,140.00,91.50),(290,290,248,1,140.00,65.00),(291,291,285,1,140.00,57.50),(292,292,262,1,140.00,63.33),(293,293,296,1,140.00,71.67),(294,294,246,1,140.00,65.00),(295,295,348,1,140.00,50.00),(296,296,355,1,160.00,0.00),(297,297,92,1,140.00,70.00),(298,298,290,1,140.00,91.50),(299,299,246,1,140.00,65.00),(300,300,296,1,140.00,71.67),(301,301,247,1,140.00,75.00),(302,302,315,1,160.00,50.00),(303,303,11,1,140.00,54.00),(304,304,64,1,180.00,70.00),(305,305,68,1,140.00,70.00),(306,306,40,1,140.00,91.50),(307,307,43,1,140.00,91.50),(308,308,83,1,180.00,70.00),(309,309,61,2,140.00,68.33),(310,310,170,1,140.00,75.00),(311,311,261,1,140.00,63.00),(312,312,5,1,140.00,70.00),(313,313,8,1,140.00,70.00),(314,314,351,1,180.00,0.00),(315,315,261,1,140.00,63.00),(316,316,337,1,90.00,45.00),(317,317,17,1,160.00,70.00),(318,318,249,1,140.00,65.00),(319,319,113,1,140.00,50.00),(320,320,278,1,140.00,50.00),(321,321,380,1,140.00,80.00),(322,322,133,1,140.00,50.00),(323,323,70,1,140.00,50.00),(324,324,312,1,140.00,50.00),(325,325,244,1,140.00,95.00),(326,326,265,1,140.00,50.00),(327,327,267,1,140.00,50.00),(328,328,358,1,160.00,75.00),(329,329,359,1,140.00,75.00),(330,330,54,1,140.00,115.00),(331,331,243,1,140.00,50.00),(332,332,308,1,140.00,50.00),(333,333,29,1,140.00,70.00),(334,334,69,1,140.00,70.00),(335,335,367,1,140.00,50.00),(336,336,369,1,140.00,50.00),(337,337,247,1,140.00,75.00),(338,338,314,1,160.00,50.00),(339,339,39,1,140.00,91.50),(340,340,365,1,160.00,50.00),(341,341,32,1,160.00,70.00),(342,342,378,1,180.00,80.00),(343,343,339,1,90.00,45.00),(344,344,20,1,140.00,70.00),(345,345,125,1,140.00,50.00),(346,346,276,1,140.00,50.00),(347,347,249,1,140.00,65.00),(348,348,125,1,140.00,50.00),(349,349,26,1,90.00,70.00),(350,350,252,1,140.00,50.00),(351,351,69,1,140.00,70.00),(352,352,235,1,140.00,62.00),(353,353,346,1,140.00,50.00),(354,354,347,1,140.00,50.00),(355,355,10,1,140.00,50.00),(356,356,366,1,160.00,50.00),(357,357,239,1,140.00,62.50),(358,358,251,1,140.00,50.00),(359,359,73,1,140.00,70.00),(360,360,12,1,140.00,70.00),(361,361,29,1,140.00,70.00),(362,362,133,1,140.00,50.00),(363,363,317,1,140.00,50.00),(364,364,248,1,140.00,65.00),(365,365,269,1,140.00,50.00),(366,366,10,1,140.00,50.00),(367,367,113,1,140.00,50.00),(368,368,289,1,140.00,50.00),(369,369,277,1,140.00,50.00),(370,370,133,1,140.00,50.00),(371,371,86,1,140.00,70.00),(372,372,382,1,200.00,50.00),(373,373,320,1,180.00,50.00),(374,374,423,1,270.00,150.00),(375,375,421,1,270.00,150.00),(376,376,439,1,140.00,85.00),(377,377,430,1,150.00,85.00),(378,378,268,1,140.00,50.00),(379,379,259,1,140.00,57.50),(380,380,4,1,140.00,0.00),(381,381,440,1,140.00,50.00),(382,382,18,1,160.00,85.00),(383,383,320,1,180.00,50.00),(384,384,7,1,140.00,140.00),(385,385,3,1,140.00,140.00),(386,386,432,1,140.00,85.00),(387,387,113,1,140.00,50.00),(388,388,7,1,140.00,140.00),(389,389,426,1,180.00,112.50),(390,390,434,1,140.00,85.00),(391,391,23,1,140.00,70.00),(392,392,427,1,140.00,140.00),(393,393,289,1,140.00,50.00),(394,394,383,1,140.00,50.00),(395,395,4,1,140.00,80.00),(396,396,3,1,140.00,80.00),(397,397,3,1,140.00,80.00),(398,398,435,1,140.00,85.00),(399,399,431,1,160.00,85.00),(400,400,273,1,140.00,50.00),(401,401,275,1,140.00,50.00),(402,402,16,1,140.00,70.00),(403,403,278,1,140.00,50.00),(404,404,74,1,140.00,50.00),(405,405,43,1,140.00,91.50),(406,406,422,1,270.00,150.00);
/*!40000 ALTER TABLE `itensvenda` ENABLE KEYS */;
UNLOCK TABLES;

--
-- Table structure for table `pedidosfornecedor`
--

DROP TABLE IF EXISTS `pedidosfornecedor`;
/*!40101 SET @saved_cs_client     = @@character_set_client */;
/*!50503 SET character_set_client = utf8mb4 */;
CREATE TABLE `pedidosfornecedor` (
  `PedidoFornecedorID` int NOT NULL AUTO_INCREMENT,
  `DataPedido` date DEFAULT (curdate()),
  `NomeFornecedor` varchar(255) COLLATE utf8mb4_unicode_ci DEFAULT NULL,
  `CustoTotalEstimadoItens` decimal(10,2) NOT NULL DEFAULT '0.00',
  `TaxaImportacaoTotal` decimal(10,2) NOT NULL DEFAULT '0.00',
  `CustoTotalFinalPedido` decimal(10,2) NOT NULL DEFAULT '0.00',
  `StatusPedido` enum('Realizado','Recebido Parcialmente','Recebido Integralmente') COLLATE utf8mb4_unicode_ci NOT NULL DEFAULT 'Realizado',
  PRIMARY KEY (`PedidoFornecedorID`)
) ENGINE=InnoDB AUTO_INCREMENT=47 DEFAULT CHARSET=utf8mb4 COLLATE=utf8mb4_unicode_ci;
/*!40101 SET character_set_client = @saved_cs_client */;

--
-- Dumping data for table `pedidosfornecedor`
--

LOCK TABLES `pedidosfornecedor` WRITE;
/*!40000 ALTER TABLE `pedidosfornecedor` DISABLE KEYS */;
INSERT INTO `pedidosfornecedor` VALUES (1,'2025-08-23','Blue Sky',0.00,0.00,0.00,'Recebido Integralmente'),(2,'2025-08-23','KAKARIC',0.00,0.00,0.00,'Recebido Integralmente'),(3,'2025-08-24','KAKARIC',0.00,0.00,0.00,'Recebido Integralmente'),(4,'2025-08-30','Kakaric',0.00,0.00,0.00,'Recebido Integralmente'),(5,'2025-08-31','Blue Sky',0.00,0.00,0.00,'Recebido Integralmente'),(6,'2025-08-31','Marcio - Kakaric',0.00,0.00,0.00,'Recebido Integralmente'),(7,'2025-08-13','Marcio - Zi Feng',0.00,0.00,0.00,'Recebido Integralmente'),(8,'2025-09-02','Nick',0.00,0.00,0.00,'Recebido Integralmente'),(10,'2025-09-04','LFF',0.00,0.00,0.00,'Recebido Integralmente'),(11,'2025-09-05','lff',0.00,0.00,0.00,'Recebido Integralmente'),(12,'2025-09-06','Oziel',0.00,0.00,0.00,'Recebido Integralmente'),(13,'2025-09-06','Oziel',0.00,0.00,0.00,'Recebido Integralmente'),(14,'2025-09-08','Flype',0.00,0.00,0.00,'Recebido Integralmente'),(15,'2025-09-09','Kakaric',0.00,0.00,0.00,'Recebido Integralmente'),(16,'2025-09-10','Blue Sky',0.00,0.00,0.00,'Recebido Integralmente'),(17,'2025-09-10','JK',0.00,0.00,0.00,'Recebido Integralmente'),(18,'2025-09-10','MARCIO - KAKARIC',0.00,0.00,0.00,'Recebido Integralmente'),(19,'2025-09-17','Kakaric',0.00,0.00,0.00,'Recebido Integralmente'),(20,'2025-09-18','Heber',0.00,0.00,0.00,'Recebido Integralmente'),(21,'2025-09-20','Oziel',0.00,0.00,0.00,'Recebido Integralmente'),(22,'2025-09-22','Igor',0.00,0.00,0.00,'Recebido Integralmente'),(23,'2025-09-24','JK',0.00,0.00,0.00,'Recebido Integralmente'),(24,'2025-09-25','Blue Sky',0.00,0.00,0.00,'Recebido Integralmente'),(25,'2025-09-25','Haren',0.00,0.00,0.00,'Recebido Integralmente'),(26,'2025-09-25','Igor',0.00,0.00,0.00,'Recebido Integralmente'),(28,'2025-09-25','Igor',0.00,0.00,0.00,'Recebido Integralmente'),(29,'2025-10-18','Marcio - Andy',0.00,0.00,0.00,'Recebido Integralmente'),(30,'2025-10-18','Andy',0.00,0.00,0.00,'Recebido Parcialmente'),(31,'2025-10-18','Andy',0.00,0.00,0.00,'Recebido Parcialmente'),(32,'2025-10-20','Andy',0.00,0.00,0.00,'Recebido Integralmente'),(33,'2025-10-22','Marcio - Andy',0.00,0.00,0.00,'Recebido Integralmente'),(34,'2025-10-22','Marcio - Zi Feng',0.00,0.00,0.00,'Recebido Integralmente'),(35,'2025-10-22','XIAO',0.00,0.00,0.00,'Realizado'),(36,'2025-11-03','Blue sky',0.00,0.00,0.00,'Recebido Integralmente'),(37,'2025-11-07','Marcio - Andy',0.00,0.00,0.00,'Recebido Integralmente'),(38,'2025-10-27','XIAO',0.00,0.00,0.00,'Realizado'),(39,'2025-11-24','Ajuste',0.00,0.00,0.00,'Recebido Integralmente'),(40,'2025-11-27','Paulo',0.00,0.00,0.00,'Recebido Integralmente'),(41,'2025-11-27','GOAT',0.00,0.00,0.00,'Recebido Integralmente'),(42,'2025-11-27','BLUE SKY',0.00,0.00,0.00,'Recebido Integralmente'),(43,'2025-12-01','Ajuste',0.00,0.00,0.00,'Recebido Integralmente'),(44,'2025-12-02','Ajuste',0.00,0.00,0.00,'Recebido Integralmente'),(45,'2025-12-02','Camisa10Imp',0.00,0.00,0.00,'Recebido Integralmente'),(46,'2025-12-06','Ajuste',0.00,0.00,0.00,'Recebido Integralmente');
/*!40000 ALTER TABLE `pedidosfornecedor` ENABLE KEYS */;
UNLOCK TABLES;

--
-- Table structure for table `produtos`
--

DROP TABLE IF EXISTS `produtos`;
/*!40101 SET @saved_cs_client     = @@character_set_client */;
/*!50503 SET character_set_client = utf8mb4 */;
CREATE TABLE `produtos` (
  `ProdutoID` int NOT NULL AUTO_INCREMENT,
  `Modelo` varchar(150) NOT NULL,
  `Clube` varchar(150) NOT NULL,
  `Tipo` enum('Masculina','Feminina','Infantil') NOT NULL,
  `Tamanho` varchar(20) NOT NULL,
  `DescricaoCompleta` varchar(500) DEFAULT NULL,
  `PrecoVendaAtual` decimal(10,2) NOT NULL DEFAULT '0.00',
  `QuantidadeEstoque` int NOT NULL DEFAULT '0',
  `CustoMedioPonderado` decimal(10,2) NOT NULL DEFAULT '0.00',
  `DataCadastro` datetime DEFAULT CURRENT_TIMESTAMP,
  `DataUltimaEntradaEstoque` datetime DEFAULT NULL,
  `CaminhoImagem` varchar(500) DEFAULT NULL,
  PRIMARY KEY (`ProdutoID`),
  UNIQUE KEY `idx_produto_unico` (`Modelo`,`Clube`,`Tipo`,`Tamanho`),
  UNIQUE KEY `uq_produto` (`Clube`,`Modelo`,`Tipo`,`Tamanho`)
) ENGINE=InnoDB AUTO_INCREMENT=446 DEFAULT CHARSET=utf8mb4 COLLATE=utf8mb4_0900_ai_ci;
/*!40101 SET character_set_client = @saved_cs_client */;

--
-- Dumping data for table `produtos`
--

LOCK TABLES `produtos` WRITE;
/*!40000 ALTER TABLE `produtos` DISABLE KEYS */;
INSERT INTO `produtos` VALUES (1,'I 2025','FLAMENGO','Masculina','P',NULL,140.00,1,80.00,'2025-08-19 14:05:44','2025-12-06 00:00:00',NULL),(2,'I 2025','FLAMENGO','Masculina','M',NULL,140.00,2,75.00,'2025-08-19 14:05:44','2025-12-06 00:00:00',NULL),(3,'I 2025','FLAMENGO','Masculina','G',NULL,140.00,3,80.00,'2025-08-19 14:05:44','2025-12-06 00:00:00',NULL),(4,'I 2025','FLAMENGO','Masculina','GG',NULL,140.00,4,80.00,'2025-08-19 14:05:44','2025-12-06 00:00:00',NULL),(5,'I 2025','FLAMENGO','Masculina','2GG',NULL,140.00,0,70.00,'2025-08-19 14:05:44',NULL,NULL),(6,'I 2025','FLAMENGO','Masculina','3GG',NULL,140.00,0,70.00,'2025-08-19 14:05:44',NULL,NULL),(7,'I 2025','FLAMENGO','Masculina','4GG',NULL,140.00,0,140.00,'2025-08-19 14:05:44','2025-11-27 00:00:00',NULL),(8,'I 2025 REGATA','FLAMENGO','Masculina','GG',NULL,140.00,2,85.00,'2025-08-19 14:05:44','2025-11-27 00:00:00',NULL),(9,'I 2025 PLAYER','FLAMENGO','Masculina','G',NULL,140.00,0,70.00,'2025-08-19 14:05:44',NULL,NULL),(10,'II 2025','FLAMENGO','Masculina','M',NULL,140.00,1,50.00,'2025-08-19 14:05:44','2025-09-02 00:00:00',NULL),(11,'II 2025','FLAMENGO','Masculina','G',NULL,140.00,3,80.00,'2025-08-19 14:05:44','2025-12-06 00:00:00',NULL),(12,'II 2025','FLAMENGO','Masculina','P',NULL,140.00,0,70.00,'2025-08-19 14:05:44',NULL,NULL),(13,'II 2025','FLAMENGO','Infantil','P',NULL,140.00,0,70.00,'2025-08-19 14:05:44',NULL,NULL),(14,'II 2025 REGATA','FLAMENGO','Masculina','M',NULL,140.00,0,70.00,'2025-08-19 14:05:44',NULL,NULL),(15,'II 2025 REGATA','FLAMENGO','Masculina','G',NULL,140.00,0,70.00,'2025-08-19 14:05:44',NULL,NULL),(16,'II 2025 REGATA','FLAMENGO','Masculina','GG',NULL,140.00,0,70.00,'2025-08-19 14:05:44',NULL,NULL),(17,'2009 RETRO','FLAMENGO','Masculina','G',NULL,160.00,1,85.00,'2025-08-19 14:05:44','2025-11-27 00:00:00',NULL),(18,'2009 RETRO','FLAMENGO','Masculina','GG',NULL,160.00,0,85.00,'2025-08-19 14:05:44','2025-11-27 00:00:00',NULL),(19,'TREINO AC','FLAMENGO','Masculina','G',NULL,140.00,1,70.00,'2025-08-19 14:05:44',NULL,NULL),(20,'POLO AC','FLAMENGO','Masculina','3GG',NULL,140.00,0,70.00,'2025-08-19 14:05:44',NULL,NULL),(21,'III 2024','FLAMENGO','Masculina','P',NULL,140.00,1,70.00,'2025-08-19 14:05:44',NULL,NULL),(22,'III 2024','FLAMENGO','Masculina','G',NULL,140.00,0,70.00,'2025-08-19 14:05:44',NULL,NULL),(23,'III 2024','FLAMENGO','Feminina','P',NULL,140.00,0,70.00,'2025-08-19 14:05:44',NULL,NULL),(24,'PRÃ‰ JOGO 2024','FLAMENGO','Masculina','M',NULL,140.00,1,70.00,'2025-08-19 14:05:44',NULL,NULL),(25,'TREINO AC REGATA','FLAMENGO','Masculina','GG',NULL,140.00,1,70.00,'2025-08-19 14:05:44',NULL,NULL),(26,'SHORTS','FLAMENGO','Masculina','G',NULL,140.00,0,70.00,'2025-08-19 14:05:44',NULL,NULL),(27,'1981 RETRO','FLAMENGO','Masculina','G',NULL,140.00,0,70.00,'2025-08-19 14:05:44',NULL,NULL),(28,'ICON','FLAMENGO','Masculina','M',NULL,140.00,0,70.00,'2025-08-19 14:05:44',NULL,NULL),(29,'ICON','FLAMENGO','Masculina','G',NULL,140.00,0,70.00,'2025-08-19 14:05:44',NULL,NULL),(30,'ICON','FLAMENGO','Masculina','GG',NULL,140.00,1,80.00,'2025-08-19 14:05:44','2025-12-06 00:00:00',NULL),(31,'NFL','FLAMENGO','Masculina','P',NULL,140.00,0,70.00,'2025-08-19 14:05:44',NULL,NULL),(32,'NFL','FLAMENGO','Masculina','M',NULL,160.00,0,70.00,'2025-08-19 14:05:45',NULL,NULL),(33,'NFL','FLAMENGO','Masculina','G',NULL,140.00,1,70.00,'2025-08-19 14:05:45',NULL,NULL),(34,'NFL','FLAMENGO','Masculina','GG',NULL,140.00,0,0.00,'2025-08-19 14:05:45','2025-09-25 00:00:00',NULL),(35,'2010 RETRO','FLAMENGO','Masculina','M',NULL,140.00,1,70.00,'2025-08-19 14:05:45',NULL,NULL),(36,'CR FLA','FLAMENGO','Masculina','G',NULL,140.00,1,70.00,'2025-08-19 14:05:45',NULL,NULL),(37,'2024 BRANCA','VASCO','Masculina','2GG',NULL,140.00,1,91.50,'2025-08-19 14:05:45',NULL,NULL),(38,'2024 BRANCA REGATA','VASCO','Masculina','M',NULL,140.00,1,91.50,'2025-08-19 14:05:45',NULL,NULL),(39,'2024 BRANCA','VASCO','Feminina','P',NULL,140.00,0,91.50,'2025-08-19 14:05:45',NULL,NULL),(40,'2025 BRANCA','VASCO','Masculina','G',NULL,140.00,0,91.50,'2025-08-19 14:05:45','2025-08-23 00:00:00',NULL),(41,'2025 PRETA','VASCO','Masculina','P',NULL,140.00,1,91.50,'2025-08-19 14:05:45',NULL,NULL),(42,'2025 PRETA','VASCO','Masculina','G',NULL,140.00,3,91.50,'2025-08-19 14:05:45',NULL,NULL),(43,'2025 PRETA','VASCO','Masculina','GG',NULL,140.00,0,91.50,'2025-08-19 14:05:45',NULL,NULL),(44,'TREINO PRETA','VASCO','Masculina','G',NULL,140.00,1,91.50,'2025-08-19 14:05:45',NULL,NULL),(45,'TREINO PRETA','VASCO','Masculina','GG',NULL,140.00,1,91.50,'2025-08-19 14:05:45',NULL,NULL),(46,'III PRETA GOLEIRO','VASCO','Masculina','M',NULL,140.00,0,91.50,'2025-08-19 14:05:45',NULL,NULL),(47,'III PRETA GOLEIRO','VASCO','Masculina','G',NULL,140.00,2,91.50,'2025-08-19 14:05:45',NULL,NULL),(48,'III PRETA GOLEIRO','VASCO','Masculina','2GG',NULL,140.00,0,91.50,'2025-08-19 14:05:45',NULL,NULL),(49,'1998 RETRO','VASCO','Masculina','M',NULL,140.00,1,91.50,'2025-08-19 14:05:45',NULL,NULL),(50,'1998 RETRO','VASCO','Masculina','2GG',NULL,140.00,0,91.50,'2025-08-19 14:05:45',NULL,NULL),(51,'III BEGE','VASCO','Feminina','P',NULL,140.00,0,91.50,'2025-08-19 14:05:45',NULL,NULL),(52,'TREINO BRANCA','VASCO','Masculina','M',NULL,140.00,1,91.50,'2025-08-19 14:05:45',NULL,NULL),(53,'2024 PRETA REGATA','VASCO','Masculina','M',NULL,140.00,1,91.50,'2025-08-19 14:05:45',NULL,NULL),(54,'2024 PRETA MANGA LONGA','VASCO','Masculina','2GG',NULL,140.00,0,115.00,'2025-08-19 14:05:45',NULL,NULL),(55,'2024 PRETA INF','VASCO','Infantil','P',NULL,140.00,0,91.50,'2025-08-19 14:05:45',NULL,NULL),(56,'LARANJA','VASCO','Masculina','GG',NULL,140.00,0,91.50,'2025-08-19 14:05:45',NULL,NULL),(57,'TREINO PRETA E DOURADA','VASCO','Masculina','GG',NULL,140.00,1,91.50,'2025-08-19 14:05:45',NULL,NULL),(58,'TREINO BRANCA E DOURADA','VASCO','Masculina','GG',NULL,140.00,1,91.50,'2025-08-19 14:05:45',NULL,NULL),(59,'TRICOLOR','FLUMINENSE','Masculina','GG',NULL,140.00,2,68.33,'2025-08-19 14:05:45','2025-09-17 00:00:00',NULL),(60,'TRICOLOR','FLUMINENSE','Masculina','2GG',NULL,140.00,2,70.00,'2025-08-19 14:05:45',NULL,NULL),(61,'BRANCA','FLUMINENSE','Masculina','GG',NULL,140.00,0,68.33,'2025-08-19 14:05:45','2025-09-17 00:00:00',NULL),(62,'BRANCA','FLUMINENSE','Masculina','2GG',NULL,140.00,1,67.50,'2025-08-19 14:05:45','2025-09-17 00:00:00',NULL),(63,'CORTA VENTO','FLUMINENSE','Masculina','G',NULL,140.00,1,70.00,'2025-08-19 14:05:45',NULL,NULL),(64,'CORTA VENTO','FLUMINENSE','Masculina','GG',NULL,180.00,0,70.00,'2025-08-19 14:05:45',NULL,NULL),(65,'I 2025','BOTAFOGO','Masculina','P',NULL,140.00,1,70.00,'2025-08-19 14:05:45',NULL,NULL),(66,'I 2025','BOTAFOGO','Masculina','M',NULL,140.00,3,70.00,'2025-08-19 14:05:45',NULL,NULL),(67,'I 2025','BOTAFOGO','Masculina','G',NULL,140.00,1,50.00,'2025-08-19 14:05:45','2025-11-05 00:00:00',NULL),(68,'I 2025','BOTAFOGO','Masculina','GG',NULL,140.00,0,70.00,'2025-08-19 14:05:45',NULL,NULL),(69,'I 2025','BOTAFOGO','Masculina','2GG',NULL,140.00,0,70.00,'2025-08-19 14:05:45',NULL,NULL),(70,'I 2025','BOTAFOGO','Masculina','3GG',NULL,140.00,0,50.00,'2025-08-19 14:05:45','2025-11-10 00:00:00',NULL),(71,'I 2025','BOTAFOGO','Masculina','4GG',NULL,140.00,1,50.00,'2025-08-19 14:05:45','2025-11-10 00:00:00',NULL),(72,'II 2024','BOTAFOGO','Masculina','GG',NULL,140.00,0,70.00,'2025-08-19 14:05:45',NULL,NULL),(73,'III 2024','BOTAFOGO','Masculina','M',NULL,140.00,0,70.00,'2025-08-19 14:05:45',NULL,NULL),(74,'IIII 2025','BOTAFOGO','Masculina','4GG',NULL,140.00,0,50.00,'2025-08-19 14:05:45','2025-09-04 00:00:00',NULL),(76,'IIII 2025','BOTAFOGO','Feminina','M',NULL,140.00,2,67.50,'2025-08-19 14:05:45','2025-09-17 00:00:00',NULL),(77,'VERDE','BOTAFOGO','Masculina','M',NULL,140.00,1,70.00,'2025-08-19 14:05:45',NULL,NULL),(78,'VERDE','BOTAFOGO','Masculina','GG',NULL,140.00,0,70.00,'2025-08-19 14:05:45',NULL,NULL),(79,'VERDE','BOTAFOGO','Masculina','4GG',NULL,140.00,0,70.00,'2025-08-19 14:05:45',NULL,NULL),(80,'CORTA VENTO','BARCELONA','Masculina','P',NULL,140.00,1,70.00,'2025-08-19 14:05:45',NULL,NULL),(81,'CORTA VENTO','BARCELONA','Masculina','GG',NULL,140.00,1,72.00,'2025-08-19 14:05:45','2025-08-23 00:00:00',NULL),(82,'KIT AZUL','FRANÇA','Masculina','GG',NULL,140.00,1,70.00,'2025-08-19 14:05:45',NULL,NULL),(83,'KIT CREME','PSG','Masculina','G',NULL,180.00,0,70.00,'2025-08-19 14:05:45',NULL,NULL),(84,'KIT PRETO','ARGENTINA','Masculina','G',NULL,140.00,1,70.00,'2025-08-19 14:05:45',NULL,NULL),(85,'KIT PRETO','REAL MADRID','Masculina','G',NULL,140.00,0,70.00,'2025-08-19 14:05:45',NULL,NULL),(86,'1 2025','REAL MADRID','Infantil','P',NULL,140.00,0,70.00,'2025-08-19 14:05:45',NULL,NULL),(87,'2015 RETRO','BARCELONA','Masculina','G',NULL,140.00,1,70.00,'2025-08-19 14:05:45',NULL,NULL),(88,'2013 RETRO','MILAN','Masculina','G',NULL,140.00,1,70.00,'2025-08-19 14:05:45',NULL,NULL),(89,'1 23/24','LIVERPOOL','Masculina','4GG',NULL,140.00,1,70.00,'2025-08-19 14:05:45',NULL,NULL),(90,'2009 RETRO','INTER DE MILAO','Masculina','G',NULL,140.00,0,70.00,'2025-08-19 14:05:45',NULL,NULL),(91,'TRAVIS','BARCELONA','Masculina','GG',NULL,140.00,1,70.00,'2025-08-19 14:05:45',NULL,NULL),(92,'II 2025','REAL MADRID','Masculina','G',NULL,140.00,0,70.00,'2025-08-19 14:05:45',NULL,NULL),(93,'IDENTIDADE 2024 F','FLAMENGO','Feminina','P',NULL,140.00,0,70.00,'2025-08-21 19:46:40',NULL,NULL),(94,'II 2024 INF','BOTAFOGO','Infantil','P',NULL,140.00,0,70.00,'2025-08-21 19:47:34',NULL,NULL),(96,'I 2025 INF','FLAMENGO','Infantil','P',NULL,140.00,0,70.00,'2025-08-21 20:00:58',NULL,NULL),(97,'DOURADA','BOTAFOGO','Masculina','P',NULL,140.00,0,70.00,'2025-08-21 20:03:01',NULL,NULL),(98,'DOURADA','BOTAFOGO','Masculina','4GG',NULL,140.00,0,70.00,'2025-08-21 20:03:25',NULL,NULL),(99,'II 2025 PLAYER','FLAMENGO','Masculina','2GG',NULL,140.00,0,70.00,'2025-08-21 20:05:40',NULL,NULL),(113,'II 2025','FLAMENGO','Masculina','GG',NULL,140.00,1,50.00,'2025-08-21 23:52:47','2025-09-02 00:00:00',NULL),(114,'II 2025 PLAYER','FLAMENGO','Masculina','GG',NULL,180.00,0,70.00,'2025-08-21 23:52:47',NULL,NULL),(116,'2024 II','BOTAFOGO','Infantil','P',NULL,140.00,0,70.00,'2025-08-21 23:52:47',NULL,NULL),(117,'III 2025','BOTAFOGO','Masculina','GG',NULL,110.00,1,80.00,'2025-08-21 23:52:47','2025-11-03 00:00:00',NULL),(118,'2025 PRETA','VASCO','Masculina','2GG',NULL,140.00,0,91.50,'2025-08-21 23:52:47',NULL,NULL),(119,'I 2025','FLAMENGO','Infantil','P',NULL,140.00,0,70.00,'2025-08-21 23:52:47',NULL,NULL),(120,'IDENTIDADE 2024','FLAMENGO','Feminina','P',NULL,140.00,0,70.00,'2025-08-21 23:52:47',NULL,NULL),(124,'POLO AC','FLAMENGO','Masculina','4GG',NULL,140.00,0,70.00,'2025-08-21 23:52:47',NULL,NULL),(125,'II 2025','FLAMENGO','Masculina','4GG',NULL,140.00,0,50.00,'2025-08-21 23:52:47','2025-09-02 00:00:00',NULL),(126,'III 2024','BOTAFOGO','Masculina','2GG',NULL,140.00,0,70.00,'2025-08-21 23:52:47',NULL,NULL),(127,'ORIGINALS','FLAMENGO','Masculina','3GG',NULL,140.00,0,70.00,'2025-08-21 23:52:47',NULL,NULL),(130,'2025 PRETA','VASCO','Masculina','M',NULL,140.00,2,91.50,'2025-08-21 23:52:47',NULL,NULL),(131,'2025 BRANCA','VASCO','Masculina','GG',NULL,140.00,0,91.50,'2025-08-21 23:52:47',NULL,NULL),(132,'III 2025','BOTAFOGO','Masculina','P',NULL,110.00,0,70.00,'2025-08-21 23:52:47',NULL,NULL),(133,'II 2025','FLAMENGO','Masculina','2GG',NULL,140.00,2,80.00,'2025-08-21 23:52:47','2025-12-06 00:00:00',NULL),(168,'TRICOLOR','FLUMINENSE','Masculina','M',NULL,140.00,0,70.00,'2025-08-21 23:58:10',NULL,NULL),(169,'BRANCA','FLUMINENSE','Masculina','G',NULL,140.00,0,70.00,'2025-08-21 23:58:10',NULL,NULL),(170,'TRICOLOR','FLUMINENSE','Masculina','G',NULL,140.00,0,75.00,'2025-08-21 23:58:10','2025-09-10 00:00:00',NULL),(171,'III 2024 REG','FLAMENGO','Masculina','P',NULL,140.00,0,70.00,'2025-08-21 23:58:10',NULL,NULL),(172,'NFL','FLAMENGO','Masculina','2GG',NULL,140.00,0,70.00,'2025-08-21 23:58:10',NULL,NULL),(173,'III 2025','BOTAFOGO','Masculina','G',NULL,110.00,0,70.00,'2025-08-21 23:58:10',NULL,NULL),(178,'TREINO BRANCA','BOTAFOGO','Masculina','GG',NULL,120.00,0,70.00,'2025-08-21 23:58:10',NULL,NULL),(221,'IIII 2025','BOTAFOGO','Masculina','GG',NULL,140.00,2,65.00,'2025-08-22 00:05:15','2025-09-06 00:00:00',NULL),(223,'IIII 2025','BOTAFOGO','Masculina','P',NULL,140.00,0,70.00,'2025-08-22 00:09:28',NULL,NULL),(224,'IIII 2025','BOTAFOGO','Masculina','G',NULL,140.00,1,65.00,'2025-08-22 00:09:28','2025-09-17 00:00:00',NULL),(232,'I 2025','BOTAFOGO','Feminina','P',NULL,140.00,2,62.00,'2025-08-23 20:21:10','2025-09-04 00:00:00',NULL),(233,'I 2025','BOTAFOGO','Feminina','M',NULL,140.00,2,62.00,'2025-08-23 20:21:10','2025-09-04 00:00:00',NULL),(234,'I 2025','BOTAFOGO','Feminina','G',NULL,140.00,2,62.00,'2025-08-23 20:21:10','2025-09-04 00:00:00',NULL),(235,'I 2025','BOTAFOGO','Feminina','GG',NULL,140.00,1,62.00,'2025-08-23 20:21:10','2025-09-04 00:00:00',NULL),(236,'NBA','BULLS','Masculina','G',NULL,140.00,0,74.00,'2025-08-23 20:21:10','2025-08-23 00:00:00',NULL),(237,'IIII 2025','BOTAFOGO','Masculina','M',NULL,140.00,2,74.00,'2025-08-23 20:21:10','2025-08-23 00:00:00',NULL),(238,'2025 BRANCA','VASCO','Masculina','M',NULL,140.00,1,91.50,'2025-08-23 20:23:41','2025-08-23 00:00:00',NULL),(239,'II 2025','FLAMENGO','Feminina','M',NULL,140.00,1,62.50,'2025-08-23 20:23:41','2025-11-05 00:00:00',NULL),(240,'TREINO AC','FLAMENGO','Feminina','M',NULL,140.00,0,65.00,'2025-08-23 20:23:41','2025-08-23 00:00:00',NULL),(241,'TREINO PRETA','BOTAFOGO','Masculina','M',NULL,140.00,1,65.00,'2025-08-23 20:23:41','2025-08-23 00:00:00',NULL),(242,'TREINO PRETA','BOTAFOGO','Masculina','G',NULL,140.00,0,65.00,'2025-08-23 20:23:41','2025-08-23 00:00:00',NULL),(243,'TREINO PRETA','BOTAFOGO','Masculina','GG',NULL,140.00,0,50.00,'2025-08-23 20:23:41','2025-09-05 00:00:00',NULL),(244,'III 2025','FLAMENGO','Masculina','P',NULL,140.00,0,95.00,'2025-08-24 04:00:53','2025-09-18 00:00:00',NULL),(245,'III 2025','FLAMENGO','Masculina','M',NULL,140.00,0,70.00,'2025-08-24 04:00:53','2025-09-26 00:00:00',NULL),(246,'III 2025','FLAMENGO','Masculina','G',NULL,140.00,0,65.00,'2025-08-24 04:00:53','2025-09-24 00:00:00',NULL),(247,'III 2025','FLAMENGO','Masculina','2GG',NULL,140.00,0,75.00,'2025-08-24 04:00:53','2025-09-11 00:00:00',NULL),(248,'III 2025','FLAMENGO','Masculina','3GG',NULL,140.00,0,65.00,'2025-08-24 04:00:53','2025-09-24 00:00:00',NULL),(249,'III 2025','FLAMENGO','Masculina','4GG',NULL,140.00,0,65.00,'2025-08-24 04:00:53','2025-09-24 00:00:00',NULL),(250,'III 2025','FLAMENGO','Feminina','P',NULL,140.00,1,50.00,'2025-08-24 04:00:53','2025-11-10 00:00:00',NULL),(251,'III 2025','FLAMENGO','Feminina','M',NULL,140.00,0,50.00,'2025-08-24 04:00:53','2025-11-10 00:00:00',NULL),(252,'III 2025','FLAMENGO','Feminina','G',NULL,140.00,0,50.00,'2025-08-24 04:00:53','2025-11-10 00:00:00',NULL),(253,'III 2025','FLAMENGO','Feminina','GG',NULL,140.00,0,70.00,'2025-08-24 04:00:53','2025-09-25 00:00:00',NULL),(254,'II 2025','BOTAFOGO','Feminina','P',NULL,140.00,0,65.00,'2025-08-24 04:00:53','2025-09-16 00:00:00',NULL),(255,'II 2025','BOTAFOGO','Feminina','M',NULL,140.00,0,65.00,'2025-08-24 04:00:53','2025-09-16 00:00:00',NULL),(256,'II 2025','BOTAFOGO','Feminina','G',NULL,140.00,1,65.00,'2025-08-24 04:00:53','2025-09-16 00:00:00',NULL),(257,'II 2025','BOTAFOGO','Feminina','GG',NULL,140.00,0,65.00,'2025-08-24 04:00:53','2025-09-16 00:00:00',NULL),(258,'II 2025','BOTAFOGO','Masculina','P',NULL,140.00,0,75.00,'2025-08-24 04:00:53','2025-09-26 00:00:00',NULL),(259,'II 2025','BOTAFOGO','Masculina','M',NULL,140.00,1,57.50,'2025-08-24 04:00:53','2025-09-16 00:00:00',NULL),(260,'II 2025','BOTAFOGO','Masculina','G',NULL,140.00,4,63.00,'2025-08-24 04:00:53','2025-09-24 00:00:00',NULL),(261,'II 2025','BOTAFOGO','Masculina','GG',NULL,140.00,3,63.00,'2025-08-24 04:00:53','2025-09-24 00:00:00',NULL),(262,'II 2025','BOTAFOGO','Masculina','2GG',NULL,140.00,2,63.33,'2025-08-24 04:00:53','2025-09-16 00:00:00',NULL),(263,'II 2025','BOTAFOGO','Masculina','3GG',NULL,140.00,3,65.00,'2025-08-24 04:00:53','2025-09-24 00:00:00',NULL),(264,'II 2025','BOTAFOGO','Masculina','4GG',NULL,140.00,2,55.00,'2025-08-24 04:00:53','2025-09-16 00:00:00',NULL),(265,'2025 PRETA','VASCO','Masculina','4GG',NULL,140.00,0,50.00,'2025-08-30 00:56:37','2025-10-18 00:00:00',NULL),(266,'I 2025','FLAMENGO','Feminina','G',NULL,140.00,0,70.00,'2025-08-31 12:31:37','2025-08-31 00:00:00',NULL),(267,'I 2025','FLAMENGO','Feminina','M',NULL,140.00,0,50.00,'2025-08-31 12:31:37','2025-11-05 00:00:00',NULL),(268,'III 2025 CROPPED','FLAMENGO','Feminina','P',NULL,140.00,0,50.00,'2025-08-31 12:42:12','2025-09-16 00:00:00',NULL),(269,'III 2025 CROPPED','FLAMENGO','Feminina','M',NULL,140.00,1,50.00,'2025-08-31 12:42:12','2025-11-10 00:00:00',NULL),(270,'2025 BRANCA','VASCO','Feminina','GG',NULL,140.00,1,91.50,'2025-08-31 12:47:07','2025-09-05 00:00:00',NULL),(271,'2025 BRANCA','VASCO','Masculina','3GG',NULL,140.00,1,91.50,'2025-08-31 12:47:07','2025-09-04 00:00:00',NULL),(272,'2025 BRANCA','VASCO','Masculina','4GG',NULL,140.00,1,91.50,'2025-08-31 12:47:07','2025-09-04 00:00:00',NULL),(273,'IMPERADORES 87','FLAMENGO','Masculina','GG',NULL,140.00,0,50.00,'2025-08-31 12:47:07','2025-09-05 00:00:00',NULL),(274,'TEAMGEIST','FLAMENGO','Masculina','GG',NULL,140.00,1,50.00,'2025-08-31 12:47:07','2025-10-18 00:00:00',NULL),(275,'TEAMGEIST','FLAMENGO','Masculina','2GG',NULL,140.00,0,50.00,'2025-08-31 12:47:07','2025-09-04 00:00:00',NULL),(276,'TEAMGEIST','FLAMENGO','Masculina','4GG',NULL,140.00,0,50.00,'2025-08-31 12:47:07','2025-09-04 00:00:00',NULL),(277,'IMPERADORES 9','FLAMENGO','Masculina','GG',NULL,140.00,0,50.00,'2025-08-31 12:47:07','2025-09-05 00:00:00',NULL),(278,'IIII 2025','BOTAFOGO','Masculina','3GG',NULL,140.00,0,50.00,'2025-08-31 12:47:07','2025-12-06 00:00:00',NULL),(279,'TREINO BRANCA','BOTAFOGO','Masculina','P',NULL,140.00,0,50.00,'2025-08-31 12:47:07','2025-09-04 00:00:00',NULL),(280,'GOLEIRO AZUL','BOTAFOGO','Masculina','P',NULL,140.00,1,50.00,'2025-08-31 12:47:07','2025-09-04 00:00:00',NULL),(281,'GOLEIRO AZUL','BOTAFOGO','Masculina','GG',NULL,140.00,1,50.00,'2025-08-31 12:47:07','2025-09-04 00:00:00',NULL),(282,'GOLEIRO AZUL','BOTAFOGO','Masculina','2GG',NULL,140.00,0,50.00,'2025-08-31 12:47:07','2025-09-04 00:00:00',NULL),(283,'GOLEIRO AZUL','BOTAFOGO','Masculina','3GG',NULL,140.00,1,50.00,'2025-08-31 12:47:07','2025-09-04 00:00:00',NULL),(284,'GOLEIRO AZUL','BOTAFOGO','Masculina','4GG',NULL,140.00,1,50.00,'2025-08-31 12:47:07','2025-09-04 00:00:00',NULL),(285,'TREINO PRETA','BOTAFOGO','Masculina','2GG',NULL,140.00,1,57.50,'2025-08-31 12:47:07','2025-09-09 00:00:00',NULL),(286,'TREINO PRETA','BOTAFOGO','Masculina','3GG',NULL,140.00,0,50.00,'2025-08-31 12:47:07','2025-09-05 00:00:00',NULL),(287,'TREINO PRETA','BOTAFOGO','Masculina','4GG',NULL,140.00,1,55.00,'2025-08-31 12:47:07','2025-09-09 00:00:00',NULL),(289,'II 2025','FLAMENGO','Masculina','3GG',NULL,140.00,2,80.00,'2025-09-02 11:02:42','2025-12-06 00:00:00',NULL),(290,'2025 PRETA','VASCO','Masculina','3GG','VASCO 2025 PRETA Masculina 3GG',140.00,0,91.50,'2025-09-02 12:56:33',NULL,NULL),(295,'BRANCA','FLUMINENSE','Feminina','M',NULL,140.00,1,95.00,'2025-09-04 11:38:39','2025-09-04 00:00:00',NULL),(296,'III 2025','FLAMENGO','Masculina','GG','FLAMENGO III 2025 Masculina GG',140.00,0,71.67,'2025-09-06 00:04:47','2025-09-26 00:00:00',NULL),(297,'GOLEIRO ROXA','BOTAFOGO','Masculina','P',NULL,140.00,0,65.00,'2025-09-06 19:48:52','2025-09-06 00:00:00',NULL),(298,'GOLEIRO ROXA','BOTAFOGO','Masculina','G',NULL,140.00,0,65.00,'2025-09-06 19:48:52','2025-09-06 00:00:00',NULL),(299,'GOLEIRO ROXA','BOTAFOGO','Masculina','GG',NULL,140.00,0,65.00,'2025-09-06 19:48:52','2025-09-06 00:00:00',NULL),(300,'GOLEIRO ROXA','BOTAFOGO','Masculina','2GG',NULL,140.00,0,75.00,'2025-09-06 19:48:52','2025-09-06 00:00:00',NULL),(301,'IIII 2025','BOTAFOGO','Masculina','2GG',NULL,140.00,1,65.00,'2025-09-06 19:48:52','2025-09-17 00:00:00',NULL),(302,'TRICOLOR','FLUMINENSE','Feminina','M',NULL,140.00,0,95.00,'2025-09-08 21:58:04','2025-09-09 00:00:00',NULL),(303,'2025 PRETA','VASCO','Feminina','M',NULL,140.00,0,50.00,'2025-09-08 21:58:04','2025-09-26 00:00:00',NULL),(304,'TREINO ROXA','BOTAFOGO','Masculina','G',NULL,140.00,1,65.00,'2025-09-09 18:40:31','2025-09-09 00:00:00',NULL),(305,'TREINO ROXA','BOTAFOGO','Masculina','GG',NULL,140.00,1,65.00,'2025-09-09 18:40:31','2025-09-09 00:00:00',NULL),(306,'TREINO BRANCA','BOTAFOGO','Masculina','G',NULL,140.00,1,65.00,'2025-09-09 18:40:31','2025-09-09 00:00:00',NULL),(307,'I 2025','SAO PAULO','Masculina','G',NULL,140.00,0,75.00,'2025-09-10 12:00:31','2025-09-10 00:00:00',NULL),(308,'IMPERADORES 87','FLAMENGO','Masculina','4GG',NULL,140.00,0,50.00,'2025-09-10 12:08:45','2025-09-26 00:00:00',NULL),(309,'2025 BRANCA','VASCO','Infantil','P',NULL,140.00,0,62.50,'2025-09-10 12:08:45','2025-09-26 00:00:00',NULL),(310,'2025 PRETA','VASCO','Feminina','P',NULL,140.00,0,50.00,'2025-09-10 12:08:45','2025-09-26 00:00:00',NULL),(311,'2025 PRETA','VASCO','Feminina','G',NULL,140.00,0,50.00,'2025-09-10 12:08:45','2025-09-26 00:00:00',NULL),(312,'LARANJA','VASCO','Masculina','G',NULL,140.00,0,50.00,'2025-09-10 12:08:45','2025-09-26 00:00:00',NULL),(313,'LARANJA','VASCO','Masculina','2GG',NULL,140.00,0,50.00,'2025-09-10 12:08:45','2025-09-26 00:00:00',NULL),(314,'III 2025 ARRASCAETA','FLAMENGO','Masculina','G',NULL,160.00,0,50.00,'2025-09-10 12:08:45','2025-09-26 00:00:00',NULL),(315,'III 2025 ARRASCAETA','FLAMENGO','Masculina','GG',NULL,160.00,0,50.00,'2025-09-10 12:08:45','2025-09-26 00:00:00',NULL),(316,'III GOLEIRO','FLAMENGO','Masculina','G',NULL,140.00,1,50.00,'2025-09-10 12:08:45','2025-11-05 00:00:00',NULL),(317,'III GOLEIRO','FLAMENGO','Masculina','GG',NULL,140.00,0,50.00,'2025-09-10 12:08:45','2025-11-10 00:00:00',NULL),(318,'III 2025','FLAMENGO','Infantil','P',NULL,140.00,0,61.20,'2025-09-10 12:08:45','2025-09-26 00:00:00',NULL),(319,'III 2025 JOGADOR','FLAMENGO','Masculina','GG',NULL,140.00,0,50.00,'2025-09-10 12:08:45','2025-09-26 00:00:00',NULL),(320,'III 2025 JOGADOR','FLAMENGO','Masculina','2GG',NULL,180.00,0,50.00,'2025-09-10 12:08:45','2025-09-26 00:00:00',NULL),(321,'II 2025 ML','BOTAFOGO','Masculina','G',NULL,140.00,2,50.00,'2025-09-10 12:08:45','2025-09-26 00:00:00',NULL),(322,'II 2025 ML','BOTAFOGO','Masculina','GG',NULL,140.00,1,50.00,'2025-09-10 12:08:45','2025-09-26 00:00:00',NULL),(323,'II 2025 ML','BOTAFOGO','Masculina','2GG',NULL,140.00,1,50.00,'2025-09-10 12:08:45','2025-09-26 00:00:00',NULL),(324,'I 2025','BOTAFOGO','Infantil','P',NULL,140.00,0,50.00,'2025-09-10 12:08:45','2025-09-26 00:00:00',NULL),(325,'II 2025 SAVARINO','BOTAFOGO','Masculina','G',NULL,140.00,1,50.00,'2025-09-10 12:08:45','2025-09-26 00:00:00',NULL),(326,'II 2025 SAVARINO','BOTAFOGO','Masculina','GG',NULL,140.00,0,50.00,'2025-09-10 12:08:45','2025-09-26 00:00:00',NULL),(327,'II 2025 SAVARINO','BOTAFOGO','Masculina','2GG',NULL,140.00,1,50.00,'2025-09-10 12:08:45','2025-09-26 00:00:00',NULL),(328,'BRANCA','FLUMINENSE','Feminina','P',NULL,140.00,0,65.00,'2025-09-17 15:39:15','2025-09-17 00:00:00',NULL),(329,'BRANCA','FLUMINENSE','Feminina','G',NULL,140.00,1,65.00,'2025-09-17 15:39:15','2025-09-17 00:00:00',NULL),(330,'IIII 2025','BOTAFOGO','Feminina','P',NULL,140.00,1,65.00,'2025-09-17 15:39:16','2025-09-17 00:00:00',NULL),(331,'IIII 2025','BOTAFOGO','Feminina','2GG',NULL,140.00,1,65.00,'2025-09-17 15:39:16','2025-09-17 00:00:00',NULL),(332,'III 2024','BOTAFOGO','Masculina','4GG',NULL,140.00,0,65.00,'2025-09-17 15:39:16','2025-09-17 00:00:00',NULL),(333,'I 2024','BOTAFOGO','Masculina','4GG',NULL,140.00,0,65.00,'2025-09-17 15:39:16','2025-09-17 00:00:00',NULL),(334,'2025 PRETA','VASCO','Feminina','4GG',NULL,140.00,0,80.00,'2025-09-25 19:27:07',NULL,NULL),(337,'SHORTS II','FLAMENGO','Masculina','G',NULL,140.00,1,45.00,'2025-09-25 19:31:49','2025-12-02 00:00:00',NULL),(338,'SHORTS II','FLAMENGO','Masculina','M',NULL,140.00,0,45.00,'2025-09-25 19:31:49','2025-09-26 00:00:00',NULL),(339,'SHORTS II','FLAMENGO','Masculina','GG',NULL,140.00,0,45.00,'2025-09-25 19:31:49','2025-09-26 00:00:00',NULL),(342,'II 2025 ML','BOTAFOGO','Masculina','3GG',NULL,140.00,1,0.00,'2025-09-26 13:00:28','2025-09-26 00:00:00',NULL),(343,'III 2025 JOGADOR','FLAMENGO','Masculina','G',NULL,140.00,0,85.00,'2025-09-27 16:11:10',NULL,NULL),(344,'AMARELA','PALMEIRAS','Masculina','2GG',NULL,140.00,1,50.00,'2025-10-18 17:29:33','2025-10-18 00:00:00',NULL),(345,'TEAMGEIST','FLAMENGO','Masculina','M',NULL,140.00,1,50.00,'2025-10-18 17:29:33','2025-10-18 00:00:00',NULL),(346,'TEAMGEIST','FLAMENGO','Masculina','G',NULL,140.00,0,50.00,'2025-10-18 17:29:33','2025-10-18 00:00:00',NULL),(347,'LARANJA','VASCO','Masculina','M',NULL,140.00,0,50.00,'2025-10-18 17:29:33','2025-10-18 00:00:00',NULL),(348,'LARANJA','VASCO','Masculina','4GG',NULL,140.00,1,50.00,'2025-10-18 17:29:33','2025-11-05 00:00:00',NULL),(349,'TRICOLOR - JM','FLUMINENSE','Masculina','G',NULL,140.00,0,65.00,'2025-10-18 17:33:10','2025-10-18 00:00:00',NULL),(350,'III 2025 - BERNARDO','FLAMENGO','Infantil','24',NULL,140.00,-1,75.00,'2025-10-18 17:33:10','2025-10-18 00:00:00',NULL),(351,'REGATA NBA','FLAMENGO','Masculina','GG',NULL,180.00,0,0.00,'2025-10-18 21:01:37','2025-10-18 00:00:00',NULL),(352,'I 2025','BOTAFOGO','Infantil','20',NULL,140.00,1,0.00,'2025-10-18 21:57:27',NULL,NULL),(353,'I 2025','BOTAFOGO','Infantil','24',NULL,140.00,1,0.00,'2025-10-18 21:57:27',NULL,NULL),(354,'I 2025','BOTAFOGO','Infantil','28',NULL,140.00,1,0.00,'2025-10-18 21:57:27',NULL,NULL),(355,'2025 PRETA COUTINHO','VASCO','Masculina','G',NULL,160.00,0,0.00,'2025-10-20 11:54:07',NULL,NULL),(356,'2025 BRANCA','VASCO','Infantil','18',NULL,140.00,1,0.00,'2025-10-20 11:57:13',NULL,NULL),(357,'2025 BRANCA','VASCO','Infantil','28',NULL,140.00,2,0.00,'2025-10-20 11:57:13',NULL,NULL),(358,'I 2025 - MEMESIO','FLAMENGO','Masculina','2GG',NULL,160.00,0,75.00,'2025-10-20 14:48:26','2025-11-05 00:00:00',NULL),(359,'III GOLEIRO - DALVI','FLAMENGO','Masculina','GG',NULL,140.00,0,75.00,'2025-10-20 14:48:26','2025-11-05 00:00:00',NULL),(360,'II 2025','RIVER PLATE','Masculina','G',NULL,140.00,1,75.00,'2025-10-20 14:48:26','2025-11-05 00:00:00',NULL),(361,'TREINO AC','FLAMENGO','Feminina','GG',NULL,140.00,1,75.00,'2025-10-20 14:48:26','2025-11-05 00:00:00',NULL),(362,'ALMIRANTES 27','VASCO','Masculina','GG',NULL,140.00,1,50.00,'2025-10-22 17:09:57','2025-11-05 00:00:00',NULL),(363,'ALMIRANTES 10','VASCO','Masculina','2GG',NULL,140.00,1,50.00,'2025-10-22 17:09:57','2025-11-05 00:00:00',NULL),(364,'RETRO 95 II','FLAMENGO','Masculina','G',NULL,140.00,1,50.00,'2025-10-22 17:13:36','2025-11-07 00:00:00',NULL),(365,'RETRO 95 II','FLAMENGO','Masculina','GG',NULL,160.00,0,50.00,'2025-10-22 17:13:36','2025-11-07 00:00:00',NULL),(366,'RETRO 95','FLAMENGO','Masculina','GG',NULL,160.00,0,50.00,'2025-10-22 17:13:36','2025-11-07 00:00:00',NULL),(367,'III 2025','FLAMENGO','Infantil','18',NULL,140.00,0,50.00,'2025-10-22 17:13:36','2025-11-10 00:00:00',NULL),(368,'III 2025','FLAMENGO','Infantil','24',NULL,140.00,1,50.00,'2025-10-22 17:13:36','2025-11-10 00:00:00',NULL),(369,'III 2025','FLAMENGO','Infantil','26',NULL,140.00,0,50.00,'2025-10-22 17:13:36','2025-11-10 00:00:00',NULL),(370,'RETRO','CELTICS','Masculina','GG',NULL,140.00,1,50.00,'2025-10-22 17:13:36','2025-11-10 00:00:00',NULL),(371,'SBT RETRO','VASCO','Masculina','G',NULL,140.00,0,50.00,'2025-10-22 17:13:36',NULL,NULL),(372,'SBT RETRO','VASCO','Masculina','GG',NULL,140.00,0,50.00,'2025-10-22 17:13:36',NULL,NULL),(373,'SBT RETRO','VASCO','Masculina','2GG',NULL,140.00,0,50.00,'2025-10-22 17:13:36',NULL,NULL),(374,'COCA COLA RETRO','VASCO','Masculina','GG',NULL,140.00,0,50.00,'2025-10-22 17:13:36',NULL,NULL),(375,'ACE RETRO','VASCO','Masculina','GG',NULL,140.00,1,50.00,'2025-10-22 17:13:36','2025-11-07 00:00:00',NULL),(376,'III 2024','VASCO','Feminina','2GG',NULL,140.00,0,50.00,'2025-10-22 17:19:43',NULL,NULL),(377,'III 2024','BOTAFOGO','Masculina','G',NULL,140.00,0,50.00,'2025-10-22 17:19:43',NULL,NULL),(378,'II 2025 ML','FLAMENGO','Masculina','G',NULL,180.00,1,85.00,'2025-11-03 22:02:11','2025-11-27 00:00:00',NULL),(379,'III 2025','BOTAFOGO','Masculina','2GG',NULL,140.00,1,80.00,'2025-11-03 22:02:11','2025-11-03 00:00:00',NULL),(380,'I 2025','GREMIO','Masculina','M',NULL,140.00,0,80.00,'2025-11-03 22:02:11','2025-11-03 00:00:00',NULL),(381,'2025 BRANCA','VASCO','Masculina','2GG',NULL,140.00,1,80.00,'2025-11-03 22:02:11','2025-11-03 00:00:00',NULL),(382,'III 2025 PEDRO','FLAMENGO','Masculina','G',NULL,200.00,0,50.00,'2025-11-07 15:09:58','2025-11-07 00:00:00',NULL),(383,'III 2025 ALEX TELLES','BOTAFOGO','Masculina','GG',NULL,140.00,0,50.00,'2025-11-07 15:09:58','2025-11-07 00:00:00',NULL),(384,'II 2025','FLAMENGO','Infantil','20',NULL,140.00,0,50.00,'2025-11-08 14:11:16',NULL,NULL),(385,'III 2025','FLAMENGO','Infantil','22',NULL,140.00,0,50.00,'2025-11-08 14:11:16',NULL,NULL),(386,'I 2025','FLAMENGO','Infantil','24',NULL,140.00,2,85.00,'2025-11-08 14:11:16','2025-11-27 00:00:00',NULL),(387,'LIFESTYLE PRETA','FLAMENGO','Masculina','P',NULL,140.00,0,50.00,'2025-11-08 14:11:16',NULL,NULL),(388,'LIFESTYLE PRETA','FLAMENGO','Masculina','M',NULL,140.00,0,50.00,'2025-11-08 14:11:16',NULL,NULL),(389,'LIFESTYLE PRETA','FLAMENGO','Masculina','G',NULL,140.00,0,50.00,'2025-11-08 14:11:16',NULL,NULL),(390,'LIFESTYLE PRETA','FLAMENGO','Masculina','GG',NULL,140.00,0,50.00,'2025-11-08 14:11:16',NULL,NULL),(391,'LIFESTYLE PRETA','FLAMENGO','Masculina','2GG',NULL,140.00,0,50.00,'2025-11-08 14:11:16',NULL,NULL),(392,'LIFESTYLE PRETA','FLAMENGO','Masculina','3GG',NULL,140.00,0,50.00,'2025-11-08 14:11:16',NULL,NULL),(393,'LIFESTYLE PRETA','FLAMENGO','Masculina','4GG',NULL,140.00,0,50.00,'2025-11-08 14:11:16',NULL,NULL),(394,'RETRO 18','FLAMENGO','Masculina','G',NULL,140.00,0,50.00,'2025-11-08 14:11:16',NULL,NULL),(395,'RETRO','INTERNACIONAL','Masculina','G',NULL,140.00,0,50.00,'2025-11-08 14:11:16',NULL,NULL),(396,'2025 PRETA','VASCO','Infantil','20',NULL,140.00,0,50.00,'2025-11-08 14:11:16',NULL,NULL),(397,'2025 PRETA','VASCO','Infantil','24',NULL,140.00,0,50.00,'2025-11-08 14:11:16',NULL,NULL),(398,'2025 PRETA','VASCO','Infantil','26',NULL,140.00,0,50.00,'2025-11-08 14:11:16',NULL,NULL),(399,'2025 BRANCA','VASCO','Feminina','P',NULL,140.00,0,50.00,'2025-11-08 14:11:16',NULL,NULL),(400,'2025 BRANCA','VASCO','Feminina','M',NULL,140.00,0,50.00,'2025-11-08 14:11:16',NULL,NULL),(401,'III 2025','VASCO','Masculina','P',NULL,140.00,0,50.00,'2025-11-08 14:11:16',NULL,NULL),(402,'III 2025','VASCO','Masculina','M',NULL,140.00,0,50.00,'2025-11-08 14:11:16',NULL,NULL),(403,'III 2025','VASCO','Masculina','G',NULL,140.00,0,50.00,'2025-11-08 14:11:16',NULL,NULL),(404,'III 2025','VASCO','Masculina','GG',NULL,140.00,0,50.00,'2025-11-08 14:11:16',NULL,NULL),(405,'III 2025','VASCO','Masculina','2GG',NULL,140.00,0,50.00,'2025-11-08 14:11:16',NULL,NULL),(406,'III 2025','VASCO','Masculina','3GG',NULL,140.00,0,50.00,'2025-11-08 14:11:16',NULL,NULL),(407,'III 2025','VASCO','Masculina','4GG',NULL,140.00,0,50.00,'2025-11-08 14:11:16',NULL,NULL),(408,'RETRO SBT','VASCO','Masculina','G',NULL,140.00,0,50.00,'2025-11-08 14:11:16',NULL,NULL),(409,'RETRO SBT','VASCO','Masculina','GG',NULL,140.00,0,50.00,'2025-11-08 14:11:16',NULL,NULL),(410,'RETRO SBT','VASCO','Masculina','2GG',NULL,140.00,0,50.00,'2025-11-08 14:11:16',NULL,NULL),(411,'TREINO CINZA','VASCO','Masculina','GG',NULL,140.00,0,50.00,'2025-11-08 14:11:16',NULL,NULL),(412,'III GOLEIRO','FLAMENGO','Masculina','M',NULL,140.00,0,50.00,'2025-11-08 14:11:16',NULL,NULL),(413,'III GOLEIRO','FLAMENGO','Masculina','2GG',NULL,140.00,0,50.00,'2025-11-08 14:11:16',NULL,NULL),(414,'II 2025','FLAMENGO','Feminina','P',NULL,140.00,0,50.00,'2025-11-08 14:11:16',NULL,NULL),(415,'II 2025','BOTAFOGO','Infantil','20',NULL,140.00,0,50.00,'2025-11-08 14:11:16',NULL,NULL),(416,'II 2025','BOTAFOGO','Infantil','22',NULL,140.00,0,50.00,'2025-11-08 14:11:16',NULL,NULL),(417,'I 2025','BOTAFOGO','Infantil','26',NULL,140.00,0,50.00,'2025-11-08 14:11:16',NULL,NULL),(418,'ACE RETRO PRETA','VASCO','Masculina','2GG',NULL,140.00,1,50.00,'2025-11-10 20:19:58','2025-11-10 00:00:00',NULL),(419,'ACE RETRO','VASCO','Masculina','2GG',NULL,140.00,1,50.00,'2025-11-10 20:19:58','2025-11-10 00:00:00',NULL),(420,'AZUL','PATRIOTS','Masculina','P',NULL,140.00,1,150.00,'2025-11-24 23:18:32','2025-11-24 00:00:00',NULL),(421,'BRANCA','PATRIOTS','Masculina','P',NULL,270.00,0,150.00,'2025-11-24 23:18:32','2025-11-24 00:00:00',NULL),(422,'BRANCA','CLEVELAND','Masculina','P',NULL,270.00,0,150.00,'2025-11-24 23:18:32','2025-11-24 00:00:00',NULL),(423,'MARROM','CLEVELAND','Masculina','P',NULL,270.00,0,150.00,'2025-11-24 23:18:32','2025-11-24 00:00:00',NULL),(424,'RETRO 1981','FLAMENGO','Masculina','2GG',NULL,140.00,1,80.00,'2025-11-24 23:18:32','2025-11-24 00:00:00',NULL),(425,'AC POLO','FLAMENGO','Masculina','M',NULL,140.00,1,140.00,'2025-11-27 16:59:14','2025-11-27 00:00:00',NULL),(426,'I 2025 JOGADOR','FLAMENGO','Masculina','GG',NULL,180.00,1,112.50,'2025-11-27 16:59:14','2025-11-27 00:00:00',NULL),(427,'AC REGATA','FLAMENGO','Masculina','2GG',NULL,140.00,0,140.00,'2025-11-27 16:59:14','2025-11-27 00:00:00',NULL),(428,'PRÉ JOGO','FLAMENGO','Masculina','G',NULL,140.00,1,140.00,'2025-11-27 16:59:14','2025-11-27 00:00:00',NULL),(429,'2009 RETRO','FLAMENGO','Masculina','M',NULL,140.00,1,85.00,'2025-11-27 17:00:12','2025-11-27 00:00:00',NULL),(430,'2009 RETRO','FLAMENGO','Masculina','2GG',NULL,150.00,0,85.00,'2025-11-27 17:00:12','2025-11-27 00:00:00',NULL),(431,'2009 RETRO','FLAMENGO','Masculina','4GG',NULL,160.00,0,85.00,'2025-11-27 17:00:12','2025-11-27 00:00:00',NULL),(432,'I 2025','FLAMENGO','Infantil','22',NULL,140.00,0,85.00,'2025-11-27 17:00:12','2025-11-27 00:00:00',NULL),(433,'II 2025 ML','FLAMENGO','Masculina','GG',NULL,140.00,1,85.00,'2025-11-27 17:02:14','2025-11-27 00:00:00',NULL),(434,'I 2025 REGATA','FLAMENGO','Masculina','2GG',NULL,140.00,1,85.00,'2025-11-27 17:02:14','2025-11-27 00:00:00',NULL),(435,'GOLEIRO ROSA','FLAMENGO','Masculina','G',NULL,140.00,0,85.00,'2025-11-27 17:02:14','2025-11-27 00:00:00',NULL),(436,'GOLEIRO ROSA','FLAMENGO','Masculina','GG',NULL,140.00,1,85.00,'2025-11-27 17:02:14','2025-11-27 00:00:00',NULL),(437,'GOLEIRO VERDE','FLAMENGO','Masculina','GG',NULL,140.00,1,85.00,'2025-11-27 17:02:14','2025-11-27 00:00:00',NULL),(438,'GOLEIRO VERDE','FLAMENGO','Masculina','G',NULL,140.00,1,85.00,'2025-11-27 17:02:14','2025-11-27 00:00:00',NULL),(439,'III 2025','BOTAFOGO','Masculina','M',NULL,140.00,0,85.00,'2025-11-27 17:02:14','2025-11-27 00:00:00',NULL),(440,'TRICOLOR 2025','FLUMINENSE','Masculina','G',NULL,140.00,0,50.00,'2025-12-01 14:28:48','2025-12-01 00:00:00',NULL),(441,'ICON','FLAMENGO','Masculina','2GG',NULL,140.00,1,80.00,'2025-12-02 13:56:43','2025-12-06 00:00:00',NULL),(442,'LIFESTYLE','FLAMENGO','Masculina','M',NULL,140.00,1,80.00,'2025-12-02 13:56:43','2025-12-06 00:00:00',NULL),(443,'LIFESTYLE','FLAMENGO','Masculina','G',NULL,140.00,1,80.00,'2025-12-02 13:56:43','2025-12-06 00:00:00',NULL),(444,'LIFESTYLE','FLAMENGO','Masculina','GG',NULL,140.00,1,80.00,'2025-12-02 13:56:43','2025-12-06 00:00:00',NULL),(445,'LIFESTYLE','FLAMENGO','Masculina','2GG',NULL,140.00,1,80.00,'2025-12-02 13:56:43','2025-12-06 00:00:00',NULL);
/*!40000 ALTER TABLE `produtos` ENABLE KEYS */;
UNLOCK TABLES;

--
-- Table structure for table `vendas`
--

DROP TABLE IF EXISTS `vendas`;
/*!40101 SET @saved_cs_client     = @@character_set_client */;
/*!50503 SET character_set_client = utf8mb4 */;
CREATE TABLE `vendas` (
  `VendaID` int NOT NULL AUTO_INCREMENT,
  `ClienteID` int DEFAULT NULL,
  `DataVenda` datetime DEFAULT CURRENT_TIMESTAMP,
  `ValorTotalItens` decimal(10,2) NOT NULL DEFAULT '0.00',
  `ValorDesconto` decimal(10,2) NOT NULL DEFAULT '0.00',
  `ValorFinalVenda` decimal(10,2) NOT NULL DEFAULT '0.00',
  `StatusPagamento` enum('Pago','Pendente') COLLATE utf8mb4_unicode_ci NOT NULL,
  `DataPrometidaPagamento` date DEFAULT NULL,
  `MetodoPagamento` varchar(50) COLLATE utf8mb4_unicode_ci DEFAULT NULL,
  `ValorPago` decimal(10,2) NOT NULL DEFAULT '0.00',
  PRIMARY KEY (`VendaID`),
  KEY `ClienteID` (`ClienteID`),
  CONSTRAINT `vendas_ibfk_1` FOREIGN KEY (`ClienteID`) REFERENCES `clientes` (`ClienteID`) ON DELETE SET NULL ON UPDATE CASCADE
) ENGINE=InnoDB AUTO_INCREMENT=407 DEFAULT CHARSET=utf8mb4 COLLATE=utf8mb4_unicode_ci;
/*!40101 SET character_set_client = @saved_cs_client */;

--
-- Dumping data for table `vendas`
--

LOCK TABLES `vendas` WRITE;
/*!40000 ALTER TABLE `vendas` DISABLE KEYS */;
INSERT INTO `vendas` VALUES (1,1,'2025-08-01 00:00:00',140.00,0.00,140.00,'Pago',NULL,'PIX',0.00),(2,1,'2025-08-01 00:00:00',140.00,0.00,140.00,'Pago',NULL,'PIX',0.00),(3,1,'2025-08-01 00:00:00',180.00,0.00,180.00,'Pago',NULL,'PIX',0.00),(4,1,'2025-08-02 00:00:00',140.00,0.00,140.00,'Pago',NULL,'PIX',0.00),(5,1,'2025-08-02 00:00:00',140.00,0.00,140.00,'Pago',NULL,'PIX',0.00),(6,1,'2025-08-02 00:00:00',110.00,0.00,110.00,'Pago',NULL,'PIX',0.00),(7,1,'2025-08-02 00:00:00',140.00,0.00,140.00,'Pago',NULL,'PIX',0.00),(8,1,'2025-08-03 00:00:00',140.00,0.00,140.00,'Pago',NULL,'PIX',0.00),(9,1,'2025-08-04 00:00:00',140.00,0.00,140.00,'Pago',NULL,'PIX',0.00),(10,1,'2025-08-04 00:00:00',110.00,0.00,110.00,'Pago',NULL,'PIX',0.00),(11,1,'2025-08-04 00:00:00',140.00,0.00,140.00,'Pago',NULL,'PIX',0.00),(12,1,'2025-08-05 00:00:00',140.00,0.00,140.00,'Pago',NULL,'PIX',0.00),(13,1,'2025-08-05 00:00:00',140.00,0.00,140.00,'Pago',NULL,'PIX',0.00),(14,1,'2025-08-05 00:00:00',140.00,0.00,140.00,'Pago',NULL,'PIX',0.00),(15,1,'2025-08-05 00:00:00',140.00,0.00,140.00,'Pago',NULL,'PIX',0.00),(16,1,'2025-08-05 00:00:00',140.00,0.00,140.00,'Pago',NULL,'PIX',0.00),(17,1,'2025-08-05 00:00:00',140.00,0.00,140.00,'Pago',NULL,'PIX',0.00),(18,1,'2025-08-06 00:00:00',140.00,0.00,140.00,'Pago',NULL,'PIX',0.00),(19,1,'2025-08-06 00:00:00',140.00,0.00,140.00,'Pago',NULL,'PIX',0.00),(20,1,'2025-08-06 00:00:00',140.00,0.00,140.00,'Pago',NULL,'PIX',0.00),(21,1,'2025-08-06 00:00:00',140.00,0.00,140.00,'Pago',NULL,'PIX',0.00),(22,1,'2025-08-06 00:00:00',140.00,0.00,140.00,'Pago',NULL,'PIX',0.00),(23,1,'2025-08-06 00:00:00',140.00,0.00,140.00,'Pago',NULL,'PIX',0.00),(24,1,'2025-08-06 00:00:00',140.00,0.00,140.00,'Pago',NULL,'PIX',0.00),(25,1,'2025-08-06 00:00:00',140.00,0.00,140.00,'Pago',NULL,'PIX',0.00),(26,1,'2025-08-07 00:00:00',140.00,0.00,140.00,'Pago',NULL,'PIX',0.00),(27,1,'2025-08-07 00:00:00',140.00,0.00,140.00,'Pago',NULL,'PIX',0.00),(28,1,'2025-08-07 00:00:00',140.00,0.00,140.00,'Pago',NULL,'PIX',0.00),(29,1,'2025-08-07 00:00:00',100.00,0.00,100.00,'Pago',NULL,'PIX',0.00),(30,1,'2025-08-07 00:00:00',100.00,0.00,100.00,'Pago',NULL,'PIX',0.00),(31,1,'2025-08-07 00:00:00',140.00,0.00,140.00,'Pago',NULL,'PIX',0.00),(32,1,'2025-08-07 00:00:00',140.00,0.00,140.00,'Pago',NULL,'PIX',0.00),(33,1,'2025-08-07 00:00:00',140.00,0.00,140.00,'Pago',NULL,'PIX',0.00),(34,1,'2025-08-08 00:00:00',140.00,0.00,140.00,'Pago',NULL,'PIX',0.00),(35,1,'2025-08-08 00:00:00',140.00,0.00,140.00,'Pago',NULL,'PIX',0.00),(36,1,'2025-08-08 00:00:00',160.00,0.00,160.00,'Pago',NULL,'PIX',0.00),(37,1,'2025-08-08 00:00:00',140.00,0.00,140.00,'Pago',NULL,'PIX',0.00),(38,1,'2025-08-08 00:00:00',140.00,0.00,140.00,'Pago',NULL,'PIX',0.00),(39,1,'2025-08-08 00:00:00',140.00,0.00,140.00,'Pago',NULL,'PIX',0.00),(40,1,'2025-08-08 00:00:00',140.00,0.00,140.00,'Pago',NULL,'PIX',0.00),(41,1,'2025-08-08 00:00:00',140.00,0.00,140.00,'Pago',NULL,'PIX',0.00),(42,1,'2025-08-08 00:00:00',140.00,0.00,140.00,'Pago',NULL,'PIX',0.00),(43,1,'2025-08-08 00:00:00',140.00,0.00,140.00,'Pago',NULL,'PIX',0.00),(44,1,'2025-08-08 00:00:00',140.00,0.00,140.00,'Pago',NULL,'PIX',0.00),(45,1,'2025-08-09 00:00:00',140.00,0.00,140.00,'Pago',NULL,'PIX',0.00),(46,1,'2025-08-09 00:00:00',140.00,0.00,140.00,'Pago',NULL,'PIX',0.00),(47,1,'2025-08-09 00:00:00',160.00,0.00,160.00,'Pago',NULL,'PIX',0.00),(48,1,'2025-08-09 00:00:00',140.00,0.00,140.00,'Pago',NULL,'PIX',0.00),(49,1,'2025-08-09 00:00:00',140.00,0.00,140.00,'Pago',NULL,'PIX',0.00),(50,1,'2025-08-09 00:00:00',140.00,0.00,140.00,'Pago',NULL,'PIX',0.00),(51,1,'2025-08-09 00:00:00',140.00,0.00,140.00,'Pago',NULL,'PIX',0.00),(52,1,'2025-08-09 00:00:00',170.00,0.00,170.00,'Pago',NULL,'PIX',0.00),(53,1,'2025-08-09 00:00:00',180.00,0.00,180.00,'Pago',NULL,'PIX',0.00),(54,1,'2025-08-09 00:00:00',140.00,0.00,140.00,'Pago',NULL,'PIX',0.00),(55,1,'2025-08-09 00:00:00',150.00,0.00,150.00,'Pago',NULL,'PIX',0.00),(56,1,'2025-08-09 00:00:00',100.00,0.00,100.00,'Pago',NULL,'PIX',0.00),(57,1,'2025-08-10 00:00:00',140.00,0.00,140.00,'Pago',NULL,'PIX',0.00),(58,1,'2025-08-10 00:00:00',140.00,0.00,140.00,'Pago',NULL,'PIX',0.00),(59,1,'2025-08-10 00:00:00',120.00,0.00,120.00,'Pago',NULL,'PIX',0.00),(60,1,'2025-08-10 00:00:00',110.00,0.00,110.00,'Pago',NULL,'PIX',0.00),(61,1,'2025-08-10 00:00:00',140.00,0.00,140.00,'Pago',NULL,'PIX',0.00),(62,1,'2025-08-11 00:00:00',140.00,0.00,140.00,'Pago',NULL,'PIX',0.00),(63,1,'2025-08-13 00:00:00',140.00,0.00,140.00,'Pago',NULL,'PIX',0.00),(64,1,'2025-08-13 00:00:00',130.00,0.00,130.00,'Pago',NULL,'PIX',0.00),(65,1,'2025-08-15 00:00:00',80.00,0.00,80.00,'Pago',NULL,'PIX',0.00),(66,1,'2025-08-19 00:00:00',180.00,0.00,180.00,'Pago',NULL,'PIX',0.00),(67,1,'2025-08-19 00:00:00',140.00,0.00,140.00,'Pago',NULL,'PIX',0.00),(68,1,'2025-08-21 00:00:00',140.00,0.00,140.00,'Pago',NULL,'PIX',0.00),(69,1,'2025-08-21 00:00:00',140.00,0.00,140.00,'Pago',NULL,'PIX',0.00),(70,1,'2025-08-21 00:00:00',140.00,0.00,140.00,'Pago',NULL,'PIX',0.00),(141,2,'2025-08-22 00:00:00',140.00,60.00,80.00,'Pago',NULL,'Pix',0.00),(142,5,'2025-08-24 00:00:00',2.00,0.00,2.00,'Pago',NULL,'Dinheiro',2.00),(143,6,'2025-08-25 00:00:00',140.00,0.00,140.00,'Pago',NULL,'Pix',0.00),(144,1,'2025-08-26 00:00:00',160.00,0.00,160.00,'Pago',NULL,'Pix',0.00),(145,1,'2025-08-27 00:00:00',140.00,0.00,140.00,'Pago',NULL,'Pix',0.00),(146,1,'2025-08-30 00:00:00',140.00,0.00,140.00,'Pago',NULL,'Pix',0.00),(147,7,'2025-08-30 00:00:00',140.00,20.00,120.00,'Pago',NULL,'Pix',0.00),(148,1,'2025-08-29 00:00:00',140.00,0.00,140.00,'Pago',NULL,NULL,0.00),(149,8,'2025-08-30 00:00:00',140.00,140.00,0.00,'Pago',NULL,'Pix',0.00),(150,9,'2025-08-27 00:00:00',140.00,0.00,140.00,'Pago',NULL,'PIX',140.00),(151,9,'2025-08-30 00:00:00',140.00,0.00,140.00,'Pago',NULL,'PIX',140.00),(152,9,'2025-08-28 00:00:00',140.00,0.00,140.00,'Pago',NULL,'PIX',140.00),(153,10,'2025-08-30 00:00:00',140.00,0.00,140.00,'Pago',NULL,NULL,0.00),(154,11,'2025-08-30 00:00:00',140.00,0.00,140.00,'Pago',NULL,'Pix',0.00),(155,12,'2025-08-30 00:00:00',140.00,0.00,140.00,'Pago',NULL,'Pix',0.00),(156,13,'2025-08-30 00:00:00',100.00,0.00,100.00,'Pago',NULL,'Dinheiro',100.00),(157,19,'2025-09-02 00:00:00',140.00,30.00,110.00,'Pago',NULL,'Pix',0.00),(158,19,'2025-09-03 00:00:00',140.00,0.00,140.00,'Pago',NULL,'Pix',0.00),(159,20,'2025-09-03 00:00:00',140.00,0.00,140.00,'Pago',NULL,NULL,0.00),(160,1,'2025-09-03 00:00:00',140.00,0.00,140.00,'Pago',NULL,'Pix',0.00),(161,20,'2025-09-03 00:00:00',140.00,0.00,140.00,'Pago',NULL,'Pix',0.00),(162,21,'2025-09-03 00:00:00',180.00,0.00,180.00,'Pendente','2025-09-30','PIX',150.00),(163,22,'2025-09-03 00:00:00',140.00,0.00,140.00,'Pago',NULL,'Dinheiro',0.00),(164,23,'2025-09-03 00:00:00',140.00,0.00,140.00,'Pago',NULL,'PIX',140.00),(165,17,'2025-09-03 00:00:00',140.00,0.00,140.00,'Pago',NULL,'Pix',0.00),(166,14,'2025-09-04 00:00:00',140.00,0.00,140.00,'Pago',NULL,'Pix',0.00),(167,24,'2025-09-05 00:00:00',140.00,0.00,140.00,'Pago',NULL,'Pix',0.00),(168,25,'2025-09-05 00:00:00',140.00,0.00,140.00,'Pago',NULL,'Pix',0.00),(169,26,'2025-09-05 00:00:00',140.00,0.00,140.00,'Pago',NULL,'Pix',0.00),(170,27,'2025-09-05 00:00:00',140.00,0.00,140.00,'Pago',NULL,'Pix',0.00),(171,28,'2025-09-06 00:00:00',160.00,0.00,160.00,'Pago',NULL,'PIX',160.00),(172,29,'2025-09-06 00:00:00',160.00,0.00,160.00,'Pago',NULL,'PIX',160.00),(173,30,'2025-09-06 00:00:00',140.00,0.00,140.00,'Pendente',NULL,'Pix',0.00),(174,32,'2025-09-06 00:00:00',140.00,0.00,140.00,'Pago',NULL,'Pix',0.00),(175,33,'2025-09-06 00:00:00',140.00,0.00,140.00,'Pago',NULL,'Pix',0.00),(176,16,'2025-09-06 00:00:00',140.00,0.00,140.00,'Pago',NULL,'Pix',0.00),(177,35,'2025-09-07 00:00:00',140.00,0.00,140.00,'Pago',NULL,'Pix',0.00),(178,36,'2025-09-07 00:00:00',140.00,0.00,140.00,'Pago',NULL,'Pix',0.00),(179,37,'2025-09-07 00:00:00',140.00,0.00,140.00,'Pago',NULL,'PIX',140.00),(180,38,'2025-09-07 00:00:00',140.00,0.00,140.00,'Pendente','2026-09-01',NULL,0.00),(181,39,'2025-09-07 00:00:00',140.00,0.00,140.00,'Pago',NULL,'PIX',140.00),(182,40,'2025-09-07 00:00:00',140.00,0.00,140.00,'Pendente','2025-10-05','Pix',0.00),(183,38,'2025-09-07 00:00:00',140.00,0.00,140.00,'Pendente','2026-09-01','Pix',0.00),(184,38,'2025-09-07 00:00:00',140.00,0.00,140.00,'Pendente','2026-09-01','Pix',0.00),(186,41,'2025-09-07 00:00:00',160.00,0.00,160.00,'Pago',NULL,'PIX',160.00),(187,41,'2025-09-07 00:00:00',140.00,0.00,140.00,'Pago',NULL,'Pix',0.00),(188,40,'2025-09-08 00:00:00',140.00,0.00,140.00,'Pago',NULL,NULL,0.00),(189,42,'2025-09-08 00:00:00',140.00,0.00,140.00,'Pago',NULL,'PIX',140.00),(190,43,'2025-09-08 00:00:00',140.00,0.00,140.00,'Pago',NULL,'Dinheiro',0.00),(191,44,'2025-09-08 00:00:00',140.00,0.00,140.00,'Pago',NULL,'Pix',0.00),(192,45,'2025-09-08 00:00:00',140.00,10.00,130.00,'Pago',NULL,'Cartão de Crédito',0.00),(193,4,'2025-09-09 00:00:00',140.00,0.00,140.00,'Pago',NULL,'Cartão de Crédito',0.00),(194,4,'2025-09-09 00:00:00',140.00,0.00,140.00,'Pago',NULL,'Cartão de Crédito',0.00),(195,23,'2025-09-09 00:00:00',140.00,0.00,140.00,'Pago',NULL,'Pix',0.00),(196,46,'2025-09-10 00:00:00',140.00,0.00,140.00,'Pago',NULL,'Cartão de Crédito',0.00),(197,47,'2025-09-10 00:00:00',140.00,0.00,140.00,'Pago',NULL,'Cartão de Crédito',0.00),(198,48,'2025-09-10 00:00:00',140.00,0.00,140.00,'Pago',NULL,'Pix',0.00),(199,48,'2025-09-10 00:00:00',140.00,0.00,140.00,'Pago',NULL,'Pix',0.00),(200,49,'2025-09-10 00:00:00',140.00,0.00,140.00,'Pago',NULL,'Pix',0.00),(201,12,'2025-09-10 00:00:00',140.00,0.00,140.00,'Pago',NULL,'Pix',0.00),(202,12,'2025-09-10 00:00:00',140.00,0.00,140.00,'Pago',NULL,'Pix',0.00),(203,50,'2025-09-10 00:00:00',140.00,0.00,140.00,'Pago',NULL,'Pix',0.00),(204,51,'2025-09-10 00:00:00',140.00,0.00,140.00,'Pago',NULL,'Pix',0.00),(205,6,'2025-09-11 00:00:00',140.00,0.00,140.00,'Pago',NULL,'Pix',0.00),(206,52,'2025-09-11 00:00:00',140.00,0.00,140.00,'Pago',NULL,'Pix',0.00),(207,53,'2025-09-11 00:00:00',140.00,0.00,140.00,'Pago',NULL,'Pix',0.00),(208,54,'2025-09-11 00:00:00',140.00,0.00,140.00,'Pago',NULL,'Dinheiro',0.00),(209,54,'2025-09-11 00:00:00',140.00,0.00,140.00,'Pago',NULL,'Dinheiro',0.00),(210,55,'2025-09-12 00:00:00',140.00,0.00,140.00,'Pago',NULL,'Cartão de Crédito',0.00),(211,56,'2025-09-12 00:00:00',140.00,0.00,140.00,'Pago',NULL,'Pix',0.00),(212,57,'2025-09-14 00:00:00',140.00,0.00,140.00,'Pago',NULL,'Pix',0.00),(213,57,'2025-09-14 00:00:00',140.00,0.00,140.00,'Pago',NULL,'Cartão de Crédito',0.00),(214,29,'2025-09-15 00:00:00',140.00,0.00,140.00,'Pago',NULL,'Pix',0.00),(215,29,'2025-09-16 00:00:00',140.00,0.00,140.00,'Pago',NULL,'Dinheiro',140.00),(216,30,'2025-09-15 00:00:00',140.00,0.00,140.00,'Pendente','2025-10-05','Pix',0.00),(217,30,'2025-09-15 00:00:00',140.00,0.00,140.00,'Pendente','2025-10-05','Pix',0.00),(218,58,'2025-09-16 00:00:00',140.00,0.00,140.00,'Pago',NULL,'PIX',140.00),(219,59,'2025-09-10 00:00:00',140.00,0.00,140.00,'Pago',NULL,'Pix',0.00),(220,60,'2025-09-17 00:00:00',140.00,0.00,140.00,'Pendente','2025-10-05','Pix',0.00),(221,61,'2025-09-17 00:00:00',140.00,0.00,140.00,'Pago',NULL,'Pix',0.00),(222,61,'2025-09-17 00:00:00',140.00,0.00,140.00,'Pago',NULL,'Pix',0.00),(223,24,'2025-09-17 00:00:00',140.00,0.00,140.00,'Pago',NULL,'PIX',140.00),(224,62,'2025-09-17 00:00:00',140.00,0.00,140.00,'Pago',NULL,'Pix',0.00),(225,63,'2025-09-18 00:00:00',130.00,0.00,130.00,'Pago',NULL,'Cartão de Crédito',0.00),(226,63,'2025-09-18 00:00:00',130.00,0.00,130.00,'Pago',NULL,'Cartão de Crédito',0.00),(227,64,'2025-09-18 00:00:00',140.00,0.00,140.00,'Pago',NULL,'Pix',0.00),(228,61,'2025-09-18 00:00:00',140.00,0.00,140.00,'Pago',NULL,'Pix',0.00),(229,65,'2025-09-18 00:00:00',140.00,0.00,140.00,'Pago',NULL,'Cartão de Crédito',0.00),(230,66,'2025-09-18 00:00:00',140.00,0.00,140.00,'Pago',NULL,'Pix',0.00),(231,9,'2025-09-19 00:00:00',140.00,0.00,140.00,'Pago',NULL,'PIX',140.00),(232,9,'2025-09-19 00:00:00',140.00,0.00,140.00,'Pago',NULL,'Dinheiro',140.00),(233,67,'2025-09-19 00:00:00',140.00,0.00,140.00,'Pago',NULL,'Pix',0.00),(234,45,'2025-09-19 00:00:00',140.00,0.00,140.00,'Pago',NULL,'Pix',0.00),(235,66,'2025-09-18 00:00:00',140.00,0.00,140.00,'Pago',NULL,'PIX',140.00),(236,68,'2025-09-19 00:00:00',140.00,0.00,140.00,'Pago',NULL,'Cartão de Crédito',0.00),(237,69,'2025-09-20 00:00:00',140.00,0.00,140.00,'Pago',NULL,'Pix',0.00),(238,70,'2025-09-20 00:00:00',140.00,0.00,140.00,'Pago',NULL,'Pix',0.00),(239,71,'2025-09-20 00:00:00',140.00,0.00,140.00,'Pago',NULL,'Pix',0.00),(240,23,'2025-09-21 00:00:00',140.00,0.00,140.00,'Pendente','2025-09-05','Pix',0.00),(241,72,'2025-09-22 00:00:00',140.00,10.00,130.00,'Pago',NULL,'Pix',0.00),(242,72,'2025-09-22 00:00:00',140.00,0.00,140.00,'Pago',NULL,'Pix',0.00),(243,73,'2025-09-23 00:00:00',140.00,40.00,100.00,'Pago',NULL,'Cartão de Crédito',0.00),(244,73,'2025-09-23 00:00:00',140.00,0.00,140.00,'Pago',NULL,'Cartão de Crédito',0.00),(245,74,'2025-09-18 00:00:00',140.00,0.00,140.00,'Pago',NULL,'Pix',0.00),(246,30,'2025-09-25 00:00:00',140.00,0.00,140.00,'Pendente','2025-10-05','Pix',0.00),(247,75,'2025-09-25 00:00:00',140.00,0.00,140.00,'Pago',NULL,'Pix',0.00),(248,75,'2025-09-25 00:00:00',140.00,0.00,140.00,'Pago',NULL,'PIX',140.00),(249,51,'2025-09-26 00:00:00',140.00,0.00,140.00,'Pago',NULL,'Pix',0.00),(250,64,'2025-09-26 00:00:00',140.00,0.00,140.00,'Pago',NULL,'Pix',0.00),(251,76,'2025-09-26 00:00:00',140.00,0.00,140.00,'Pago',NULL,'Pix',0.00),(252,77,'2025-09-26 00:00:00',180.00,0.00,180.00,'Pendente','2025-10-05','Pix',0.00),(253,77,'2025-09-26 00:00:00',140.00,0.00,140.00,'Pendente',NULL,'Pix',0.00),(254,77,'2025-09-26 00:00:00',140.00,0.00,140.00,'Pago',NULL,'Pix',0.00),(255,63,'2025-09-26 00:00:00',140.00,0.00,140.00,'Pago',NULL,'Pix',0.00),(256,78,'2025-09-26 00:00:00',140.00,0.00,140.00,'Pago',NULL,'Pix',0.00),(257,78,'2025-09-26 00:00:00',140.00,0.00,140.00,'Pago',NULL,'Pix',0.00),(258,30,'2025-09-27 00:00:00',140.00,0.00,140.00,'Pendente',NULL,'Pix',0.00),(259,30,'2025-09-27 00:00:00',140.00,0.00,140.00,'Pendente',NULL,'Pix',0.00),(260,79,'2025-09-27 00:00:00',90.00,0.00,90.00,'Pago',NULL,'Pix',0.00),(261,80,'2025-09-28 00:00:00',95.00,0.00,95.00,'Pago',NULL,'Pix',0.00),(262,23,'2025-09-29 00:00:00',140.00,0.00,140.00,'Pago',NULL,'Dinheiro',0.00),(263,81,'2025-10-01 00:00:00',180.00,0.00,180.00,'Pendente','2025-10-31','Pix',0.00),(264,82,'2025-10-05 00:00:00',180.00,0.00,180.00,'Pago',NULL,'Pix',0.00),(265,82,'2025-10-05 00:00:00',90.00,0.00,90.00,'Pago',NULL,'Pix',0.00),(266,1,'2025-10-02 00:00:00',160.00,0.00,160.00,'Pago',NULL,'Pix',0.00),(267,83,'2025-10-03 00:00:00',140.00,0.00,140.00,'Pago',NULL,'Pix',0.00),(268,84,'2025-10-03 00:00:00',140.00,0.00,140.00,'Pago',NULL,'Pix',0.00),(269,85,'2025-10-03 00:00:00',180.00,0.00,180.00,'Pendente','2025-10-10','Pix',0.00),(270,86,'2025-10-04 00:00:00',140.00,0.00,140.00,'Pago',NULL,'Pix',0.00),(271,87,'2025-10-05 00:00:00',140.00,0.00,140.00,'Pago',NULL,'Pix',0.00),(272,81,'2025-10-05 00:00:00',180.00,0.00,180.00,'Pendente','2025-11-05','Pix',0.00),(273,6,'2025-10-05 00:00:00',140.00,0.00,140.00,'Pago',NULL,'Pix',0.00),(274,88,'2025-10-05 00:00:00',160.00,0.00,160.00,'Pago',NULL,'Cartão de Crédito',0.00),(275,88,'2025-10-05 00:00:00',140.00,0.00,140.00,'Pago',NULL,'Pix',0.00),(276,89,'2025-10-05 00:00:00',140.00,0.00,140.00,'Pendente','2025-11-05','Pix',0.00),(277,89,'2025-10-05 00:00:00',140.00,0.00,140.00,'Pendente','2025-11-05','Pix',0.00),(278,90,'2025-10-05 00:00:00',130.00,0.00,130.00,'Pago',NULL,'Pix',0.00),(279,90,'2025-10-05 00:00:00',280.00,20.00,260.00,'Pago',NULL,'Pix',0.00),(280,91,'2025-10-05 00:00:00',140.00,0.00,140.00,'Pago',NULL,'Pix',0.00),(281,92,'2025-10-05 00:00:00',140.00,0.00,140.00,'Pago',NULL,'Pix',0.00),(282,93,'2025-10-07 00:00:00',140.00,0.00,140.00,'Pago',NULL,NULL,0.00),(283,94,'2025-10-08 00:00:00',140.00,0.00,140.00,'Pago',NULL,'Pix',0.00),(284,95,'2025-10-09 00:00:00',140.00,0.00,140.00,'Pago',NULL,'Cartão de Crédito',140.00),(285,96,'2025-10-11 00:00:00',140.00,0.00,140.00,'Pago',NULL,'Pix',0.00),(286,97,'2025-10-11 00:00:00',140.00,0.00,140.00,'Pago',NULL,'Pix',0.00),(287,98,'2025-10-12 00:00:00',140.00,0.00,140.00,'Pendente',NULL,'Pix',0.00),(288,98,'2025-10-12 00:00:00',140.00,0.00,140.00,'Pago',NULL,'Pix',0.00),(289,99,'2025-10-13 00:00:00',140.00,0.00,140.00,'Pago',NULL,'Pix',0.00),(290,100,'2025-10-15 00:00:00',140.00,0.00,140.00,'Pago',NULL,'Pix',0.00),(291,31,'2025-10-16 00:00:00',140.00,0.00,140.00,'Pago',NULL,'Pix',0.00),(292,31,'2025-10-17 00:00:00',140.00,0.00,140.00,'Pago',NULL,'Pix',0.00),(293,101,'2025-10-18 00:00:00',140.00,0.00,140.00,'Pago',NULL,'Pix',0.00),(294,101,'2025-10-18 00:00:00',140.00,0.00,140.00,'Pago',NULL,'Pix',0.00),(295,102,'2025-10-18 00:00:00',140.00,0.00,140.00,'Pago',NULL,'Pix',0.00),(296,103,'2025-10-20 00:00:00',160.00,10.00,150.00,'Pago',NULL,'Pix',0.00),(297,104,'2025-10-20 00:00:00',140.00,0.00,140.00,'Pendente',NULL,'Pix',0.00),(298,105,'2025-10-20 00:00:00',140.00,0.00,140.00,'Pago',NULL,'Pix',0.00),(299,65,'2025-10-22 00:00:00',140.00,50.00,90.00,'Pago',NULL,'Pix',0.00),(300,65,'2025-10-22 00:00:00',140.00,50.00,90.00,'Pago',NULL,'Pix',0.00),(301,65,'2025-10-22 00:00:00',140.00,50.00,90.00,'Pago',NULL,'Pix',0.00),(302,1,'2025-10-22 00:00:00',160.00,50.00,110.00,'Pago',NULL,'Pix',0.00),(303,1,'2025-10-22 00:00:00',140.00,50.00,90.00,'Pago',NULL,'Pix',0.00),(304,65,'2025-10-22 00:00:00',180.00,60.00,120.00,'Pago',NULL,'Pix',0.00),(305,65,'2025-10-22 00:00:00',140.00,50.00,90.00,'Pago',NULL,'Pix',0.00),(306,1,'2025-10-22 00:00:00',140.00,50.00,90.00,'Pago',NULL,'Pix',0.00),(307,65,'2025-10-22 00:00:00',140.00,50.00,90.00,'Pago',NULL,'Pix',0.00),(308,65,'2025-10-22 00:00:00',180.00,60.00,120.00,'Pago',NULL,'Pix',0.00),(309,65,'2025-10-22 00:00:00',280.00,100.00,180.00,'Pago',NULL,NULL,0.00),(310,65,'2025-10-22 00:00:00',140.00,50.00,90.00,'Pago',NULL,'Pix',0.00),(311,65,'2025-10-22 00:00:00',140.00,50.00,90.00,'Pago',NULL,'Pix',0.00),(312,65,'2025-10-22 00:00:00',140.00,120.00,20.00,'Pago',NULL,'Pix',0.00),(313,106,'2025-10-24 00:00:00',140.00,0.00,140.00,'Pago',NULL,'Pix',0.00),(314,107,'2025-11-26 00:00:00',180.00,0.00,180.00,'Pago',NULL,'Dinheiro',180.00),(315,108,'2025-10-26 00:00:00',140.00,0.00,140.00,'Pago',NULL,'Pix',0.00),(316,109,'2025-10-26 00:00:00',90.00,0.00,90.00,'Pendente','2025-11-25','Pix',0.00),(317,110,'2025-10-26 00:00:00',160.00,0.00,160.00,'Pago',NULL,'Pix',0.00),(318,16,'2025-10-31 00:00:00',140.00,0.00,140.00,'Pago',NULL,'Pix',0.00),(319,111,'2025-10-31 00:00:00',140.00,0.00,140.00,'Pago',NULL,'Pix',0.00),(320,16,'2025-10-31 00:00:00',140.00,0.00,140.00,'Pago',NULL,'Pix',0.00),(321,112,'2025-10-31 00:00:00',140.00,0.00,140.00,'Pago',NULL,'Pix',0.00),(322,113,'2025-10-31 00:00:00',140.00,0.00,140.00,'Pago',NULL,'Pix',0.00),(323,114,'2025-10-31 00:00:00',140.00,0.00,140.00,'Pago',NULL,'Pix',0.00),(324,65,'2025-11-08 00:00:00',140.00,25.00,115.00,'Pendente','2025-11-05','Pix',0.00),(325,115,'2025-11-08 00:00:00',140.00,25.00,115.00,'Pendente','2025-11-05','Pix',0.00),(326,115,'2025-11-08 00:00:00',140.00,25.00,115.00,'Pendente','2025-11-05','Pix',0.00),(327,116,'2025-11-08 00:00:00',140.00,0.00,140.00,'Pendente','2025-12-05','Pix',0.00),(328,117,'2025-11-08 00:00:00',160.00,0.00,160.00,'Pago',NULL,'Pix',0.00),(329,117,'2025-11-08 00:00:00',140.00,0.00,140.00,'Pago',NULL,'Pix',0.00),(330,98,'2025-11-08 00:00:00',140.00,0.00,140.00,'Pago',NULL,'Pix',0.00),(331,118,'2025-11-08 00:00:00',140.00,0.00,140.00,'Pago',NULL,'Pix',0.00),(332,119,'2025-11-09 00:00:00',140.00,0.00,140.00,'Pago',NULL,'Pix',0.00),(333,119,'2025-11-10 00:00:00',140.00,0.00,140.00,'Pago',NULL,'Pix',0.00),(334,121,'2025-11-11 00:00:00',140.00,0.00,140.00,'Pago',NULL,'Dinheiro',0.00),(335,65,'2025-11-11 00:00:00',140.00,25.00,115.00,'Pendente','2025-12-05','Pix',0.00),(336,65,'2025-11-11 00:00:00',140.00,25.00,115.00,'Pendente',NULL,'Pix',0.00),(337,65,'2025-11-11 00:00:00',140.00,25.00,115.00,'Pendente',NULL,'Pix',0.00),(338,65,'2025-11-15 00:00:00',160.00,25.00,135.00,'Pago',NULL,'Dinheiro',0.00),(339,65,'2025-11-15 00:00:00',140.00,25.00,115.00,'Pendente',NULL,'Pix',0.00),(340,122,'2025-11-12 00:00:00',160.00,0.00,160.00,'Pendente',NULL,'Pix',0.00),(341,123,'2025-11-14 00:00:00',160.00,0.00,160.00,'Pago',NULL,'Pix',0.00),(342,29,'2025-11-15 00:00:00',180.00,0.00,180.00,'Pendente',NULL,'Pix',0.00),(343,29,'2025-11-15 00:00:00',90.00,0.00,90.00,'Pendente',NULL,'Pix',0.00),(344,124,'2025-11-18 00:00:00',140.00,0.00,140.00,'Pendente',NULL,'Pix',0.00),(345,124,'2025-11-18 00:00:00',140.00,0.00,140.00,'Pendente',NULL,'Pix',0.00),(346,124,'2025-11-18 00:00:00',140.00,0.00,140.00,'Pendente',NULL,'Pix',0.00),(347,124,'2025-11-18 00:00:00',140.00,0.00,140.00,'Pendente',NULL,'Pix',0.00),(348,125,'2025-11-18 00:00:00',140.00,0.00,140.00,'Pago',NULL,'Pix',0.00),(349,126,'2025-11-18 00:00:00',90.00,0.00,90.00,'Pago',NULL,'Pix',0.00),(350,95,'2025-11-18 00:00:00',140.00,0.00,140.00,'Pago',NULL,'Pix',0.00),(351,127,'2025-11-18 00:00:00',140.00,0.00,140.00,'Pago',NULL,'Pix',0.00),(352,127,'2025-11-18 00:00:00',140.00,0.00,140.00,'Pago',NULL,'Pix',0.00),(353,128,'2025-11-18 00:00:00',140.00,0.00,140.00,'Pago',NULL,'Pix',0.00),(354,13,'2025-11-24 00:00:00',140.00,0.00,140.00,'Pendente',NULL,'Pix',0.00),(355,129,'2025-11-19 00:00:00',140.00,0.00,140.00,'Pago',NULL,'Pix',0.00),(356,130,'2025-11-20 00:00:00',160.00,0.00,160.00,'Pago',NULL,'Pix',0.00),(357,131,'2025-11-20 00:00:00',140.00,0.00,140.00,'Pago',NULL,'Pix',0.00),(358,132,'2025-11-20 00:00:00',140.00,0.00,140.00,'Pago',NULL,'Pix',0.00),(359,95,'2025-11-20 00:00:00',140.00,0.00,140.00,'Pago',NULL,'Pix',0.00),(360,95,'2025-11-20 00:00:00',140.00,0.00,140.00,'Pago',NULL,'Pix',0.00),(361,133,'2025-11-20 00:00:00',140.00,0.00,140.00,'Pago',NULL,'Pix',0.00),(362,133,'2025-11-20 00:00:00',140.00,0.00,140.00,'Pago',NULL,'Pix',0.00),(363,133,'2025-11-20 00:00:00',140.00,0.00,140.00,'Pago',NULL,'Pix',0.00),(364,58,'2025-11-22 00:00:00',140.00,0.00,140.00,'Pendente',NULL,NULL,0.00),(365,58,'2025-11-22 00:00:00',140.00,0.00,140.00,'Pago',NULL,'Pix',0.00),(366,23,'2025-11-24 00:00:00',140.00,0.00,140.00,'Pendente',NULL,'Pix',0.00),(367,95,'2025-11-24 00:00:00',140.00,0.00,140.00,'Pago',NULL,'Pix',0.00),(368,54,'2025-11-22 00:00:00',140.00,0.00,140.00,'Pago',NULL,'Pix',0.00),(369,134,'2025-11-23 00:00:00',140.00,0.00,140.00,'Pago',NULL,NULL,0.00),(370,134,'2025-11-24 00:00:00',140.00,0.00,140.00,'Pago',NULL,'Pix',0.00),(371,120,'2025-11-24 00:00:00',140.00,0.00,140.00,'Pago',NULL,'Pix',0.00),(372,135,'2025-11-24 00:00:00',200.00,0.00,200.00,'Pago',NULL,'Pix',0.00),(373,135,'2025-11-23 00:00:00',180.00,0.00,180.00,'Pago',NULL,'Pix',0.00),(374,135,'2025-11-23 00:00:00',270.00,0.00,270.00,'Pendente',NULL,'Pix',0.00),(375,135,'2025-11-24 00:00:00',270.00,0.00,270.00,'Pago',NULL,'Pix',0.00),(376,136,'2025-11-27 00:00:00',140.00,0.00,140.00,'Pago',NULL,'Pix',0.00),(377,137,'2025-11-27 00:00:00',150.00,0.00,150.00,'Pago',NULL,NULL,0.00),(378,58,'2025-12-01 00:00:00',140.00,0.00,140.00,'Pendente',NULL,NULL,0.00),(379,3,'2025-10-26 00:00:00',140.00,0.00,140.00,'Pago',NULL,'Pix',0.00),(380,138,'2025-12-26 00:00:00',140.00,0.00,140.00,'Pago',NULL,'Pix',0.00),(381,14,'2025-11-27 00:00:00',140.00,0.00,140.00,'Pago',NULL,NULL,0.00),(382,139,'2025-12-27 00:00:00',160.00,0.00,160.00,'Pago',NULL,'Pix',0.00),(383,140,'2025-11-27 00:00:00',180.00,0.00,180.00,'Pago',NULL,'Pix',0.00),(384,141,'2025-11-27 00:00:00',140.00,0.00,140.00,'Pago',NULL,'Pix',0.00),(385,142,'2025-11-27 00:00:00',140.00,0.00,140.00,'Pago',NULL,'Pix',0.00),(386,143,'2025-11-27 00:00:00',140.00,0.00,140.00,'Pago',NULL,'Pix',0.00),(387,144,'2025-11-27 00:00:00',140.00,10.00,130.00,'Pago',NULL,'Pix',0.00),(388,145,'2025-11-28 00:00:00',140.00,0.00,140.00,'Pago',NULL,'Pix',0.00),(389,6,'2025-12-29 00:00:00',180.00,0.00,180.00,'Pago',NULL,'Pix',0.00),(390,146,'2025-11-29 00:00:00',140.00,0.00,140.00,'Pago',NULL,'Pix',0.00),(391,146,'2025-11-29 00:00:00',140.00,0.00,140.00,'Pago',NULL,'Pix',0.00),(392,146,'2025-11-29 00:00:00',140.00,0.00,140.00,'Pago',NULL,NULL,0.00),(393,146,'2025-11-29 00:00:00',140.00,0.00,140.00,'Pago',NULL,NULL,0.00),(394,12,'2025-12-01 00:00:00',140.00,0.00,140.00,'Pago',NULL,'Pix',0.00),(395,31,'2025-12-03 00:00:00',140.00,0.00,140.00,'Pago',NULL,'Pix',0.00),(396,147,'2025-12-03 00:00:00',140.00,0.00,140.00,'Pago',NULL,'Pix',0.00),(397,30,'2025-12-03 00:00:00',140.00,0.00,140.00,'Pago',NULL,'Pix',0.00),(398,148,'2025-12-03 00:00:00',140.00,0.00,140.00,'Pago',NULL,'Pix',0.00),(399,134,'2025-12-03 00:00:00',160.00,0.00,160.00,'Pago',NULL,'Pix',0.00),(400,149,'2025-12-03 00:00:00',140.00,0.00,140.00,'Pago',NULL,'Pix',0.00),(401,149,'2025-12-03 00:00:00',140.00,0.00,140.00,'Pago',NULL,'Pix',0.00),(402,149,'2025-12-03 00:00:00',140.00,20.00,120.00,'Pago',NULL,'Pix',0.00),(403,150,'2025-12-04 00:00:00',140.00,0.00,140.00,'Pago',NULL,'Cartão de Crédito',0.00),(404,14,'2025-12-04 00:00:00',140.00,0.00,140.00,'Pago',NULL,'Pix',0.00),(405,1,'2025-12-04 00:00:00',140.00,0.00,140.00,'Pago',NULL,'Pix',0.00),(406,135,'2025-12-04 00:00:00',270.00,0.00,270.00,'Pago',NULL,'Pix',0.00);
/*!40000 ALTER TABLE `vendas` ENABLE KEYS */;
UNLOCK TABLES;

--
-- Table structure for table `vendas_temp`
--

DROP TABLE IF EXISTS `vendas_temp`;
/*!40101 SET @saved_cs_client     = @@character_set_client */;
/*!50503 SET character_set_client = utf8mb4 */;
CREATE TABLE `vendas_temp` (
  `DataVenda` varchar(255) DEFAULT NULL,
  `ID_Venda_Original` int DEFAULT NULL,
  `Produto` varchar(255) DEFAULT NULL,
  `Preco_Unitario` varchar(255) DEFAULT NULL,
  `Pagamento` varchar(255) DEFAULT NULL,
  `Tamanho` varchar(255) CHARACTER SET utf8mb4 COLLATE utf8mb4_0900_ai_ci DEFAULT NULL,
  `Quantidade` int DEFAULT NULL,
  `Desconto` varchar(255) DEFAULT NULL,
  `Metodo_Pagamento` varchar(255) DEFAULT NULL,
  `clube_temp` varchar(255) CHARACTER SET utf8mb4 COLLATE utf8mb4_0900_ai_ci DEFAULT NULL,
  `modelo_temp` varchar(255) CHARACTER SET utf8mb4 COLLATE utf8mb4_0900_ai_ci DEFAULT NULL,
  `tipo_temp` varchar(255) CHARACTER SET utf8mb4 COLLATE utf8mb4_0900_ai_ci DEFAULT NULL
) ENGINE=InnoDB DEFAULT CHARSET=utf8mb4 COLLATE=utf8mb4_0900_ai_ci;
/*!40101 SET character_set_client = @saved_cs_client */;

--
-- Dumping data for table `vendas_temp`
--

LOCK TABLES `vendas_temp` WRITE;
/*!40000 ALTER TABLE `vendas_temp` DISABLE KEYS */;
INSERT INTO `vendas_temp` VALUES ('01/08/2025',1,'FLAMENGO II 2025',' R$ 140,00 ','PAGO','GG',1,'0','PIX','FLAMENGO','II 2025','Masculina'),('01/08/2025',2,'FLAMENGO II 2025',' R$ 140,00 ','PAGO','GG',1,'0','PIX','FLAMENGO','II 2025','Masculina'),('01/08/2025',3,'FLAMENGO II 2025 PLAYER',' R$ 180,00 ','PAGO','GG',1,'0','PIX','FLAMENGO','II 2025 PLAYER','Masculina'),('02/08/2025',4,'FLAMENGO I 2025 INF',' R$ 140,00 ','PAGO','28',1,'0','PIX','FLAMENGO','I 2025','Infantil'),('02/08/2025',5,'BOTAFOGO 2024 II INF',' R$ 140,00 ','PAGO','P',1,'0','PIX','BOTAFOGO','2024 II','Infantil'),('02/08/2025',6,'BOTAFOGO IIII 2025',' R$ 110,00 ','PAGO','GG',1,'0','PIX','BOTAFOGO','IIII 2025','Masculina'),('02/08/2025',7,'VASCO 2025 PRETA',' R$ 140,00 ','PAGO','2GG',1,'0','PIX','VASCO','2025 PRETA','Masculina'),('03/08/2025',8,'FLAMENGO I 2025 INF ',' R$ 140,00 ','PAGO','P',1,'0','PIX','FLAMENGO','I 2025','Infantil'),('04/08/2025',9,'VASCO 2025 PRETA',' R$ 140,00 ','PAGO','2GG',1,'0','PIX','VASCO','2025 PRETA','Masculina'),('04/08/2025',10,'BOTAFOGO IIII 2025',' R$ 110,00 ','PAGO','4GG',1,'0','PIX','BOTAFOGO','IIII 2025','Masculina'),('04/08/2025',11,'FLAMENGO IDENTIDADE 2024 F',' R$ 140,00 ','PAGO','P',1,'0','PIX','FLAMENGO','IDENTIDADE 2024','Feminina'),('05/08/2025',12,'FLAMENGO I 2025 INF ',' R$ 140,00 ','PAGO','P',1,'0','PIX','FLAMENGO','I 2025','Infantil'),('05/08/2025',13,'FLAMENGO II 2025  REGATA',' R$ 140,00 ','PAGO','G',1,'0','PIX','FLAMENGO','II 2025 REGATA','Masculina'),('05/08/2025',14,'BOTAFOGO II 2024',' R$ 140,00 ','PAGO','GG',1,'0','PIX','BOTAFOGO','II 2024','Masculina'),('05/08/2025',15,'FLAMENGO II 2025',' R$ 140,00 ','PAGO','M',1,'0','PIX','FLAMENGO','II 2025','Masculina'),('05/08/2025',16,'BOTAFOGO I 2025',' R$ 140,00 ','PAGO','GG',1,'0','PIX','BOTAFOGO','I 2025','Masculina'),('05/08/2025',17,'FLAMENGO ICON ',' R$ 140,00 ','PAGO','G',1,'0','PIX','FLAMENGO','ICON','Masculina'),('06/08/2025',18,'FLAMENGO POLO AC',' R$ 140,00 ','PAGO','4GG',1,'0','PIX','FLAMENGO','POLO AC','Masculina'),('06/08/2025',19,'FLAMENGO II 2025',' R$ 140,00 ','PAGO','4GG',1,'0','PIX','FLAMENGO','II 2025','Masculina'),('06/08/2025',20,'BOTAFOGO III 2024',' R$ 140,00 ','PAGO','2GG',1,'0','PIX','BOTAFOGO','III 2024','Masculina'),('06/08/2025',21,'FLAMENGO ORIGINALS',' R$ 140,00 ','PAGO','3GG',1,'0','PIX','FLAMENGO','ORIGINALS','Masculina'),('06/08/2025',22,'BOTAFOGO I 2025',' R$ 140,00 ','PAGO','P',1,'0','PIX','BOTAFOGO','I 2025','Masculina'),('06/08/2025',23,'FLAMENGO NFL',' R$ 140,00 ','PAGO','G',1,'0','PIX','FLAMENGO','NFL','Masculina'),('06/08/2025',24,'FLAMENGO NFL',' R$ 140,00 ','PAGO','GG',1,'0','PIX','FLAMENGO','NFL','Masculina'),('06/08/2025',25,'FLAMENGO NFL',' R$ 140,00 ','PAGO','P',1,'0','PIX','FLAMENGO','NFL','Masculina'),('07/08/2025',26,'VASCO 2025 PRETA ',' R$ 140,00 ','PAGO','M',1,'0','PIX','VASCO','2025 PRETA','Masculina'),('07/08/2025',27,'VASCO 2025 BRANCA ',' R$ 140,00 ','PAGO','GG',1,'0','PIX','VASCO','2025 BRANCA','Masculina'),('07/08/2025',28,'BOTAFOGO I 2025',' R$ 140,00 ','PAGO','GG',1,'0','PIX','BOTAFOGO','I 2025','Masculina'),('07/08/2025',29,'BOTAFOGO IIII 2025',' R$ 100,00 ','PAGO','4GG',1,'0','PIX','BOTAFOGO','IIII 2025','Masculina'),('07/08/2025',30,'BOTAFOGO VERDE',' R$ 100,00 ','PAGO','GG',1,'0','PIX','BOTAFOGO','VERDE','Masculina'),('07/08/2025',31,'BOTAFOGO IIII 2025',' R$ 140,00 ','PAGO','P',1,'0','PIX','BOTAFOGO','IIII 2025','Masculina'),('07/08/2025',32,'BOTAFOGO DOURADA',' R$ 140,00 ','PAGO','4GG',1,'0','PIX','BOTAFOGO','DOURADA','Masculina'),('07/08/2025',33,'VASCO 2025 PRETA ',' R$ 140,00 ','PAGO','M',1,'0','PIX','VASCO','2025 PRETA','Masculina'),('08/08/2025',34,'FLAMENGO II 2025',' R$ 140,00 ','PAGO','2GG',1,'0','PIX','FLAMENGO','II 2025','Masculina'),('08/08/2025',35,'BOTAFOGO I 2025',' R$ 140,00 ','PAGO','GG',1,'0','PIX','BOTAFOGO','I 2025','Masculina'),('08/08/2025',36,'FLAMENGO NFL',' R$ 160,00 ','PAGO','2GG',1,'0','PIX','FLAMENGO','NFL','Masculina'),('08/08/2025',37,'BOTAFOGO I 2025',' R$ 140,00 ','PAGO','M',1,'0','PIX','BOTAFOGO','I 2025','Masculina'),('08/08/2025',38,'FLAMENGO II 2025',' R$ 140,00 ','PAGO','4GG',1,'0','PIX','FLAMENGO','II 2025','Masculina'),('08/08/2025',39,'VASCO 2025 PRETA ',' R$ 140,00 ','PAGO','2GG',1,'0','PIX','VASCO','2025 PRETA','Masculina'),('08/08/2025',40,'FLUMINENSE TRICOLOR',' R$ 140,00 ','PAGO','M',1,'0','PIX','FLUMINENSE','TRICOLOR','Masculina'),('08/08/2025',41,'FLUMINENSE BRANCA',' R$ 140,00 ','PAGO','G',1,'0','PIX','FLUMINENSE','BRANCA','Masculina'),('08/08/2025',42,'FLUMINENSE TRICOLOR',' R$ 140,00 ','PAGO','G',1,'0','PIX','FLUMINENSE','TRICOLOR','Masculina'),('08/08/2025',43,'BOTAFOGO I 2025',' R$ 140,00 ','PAGO','GG',1,'0','PIX','BOTAFOGO','I 2025','Masculina'),('08/08/2025',44,'VASCO 2025 PRETA ',' R$ 140,00 ','PAGO','2GG',1,'0','PIX','VASCO','2025 PRETA','Masculina'),('09/08/2025',45,'BOTAFOGO III 2024',' R$ 140,00 ','PAGO','2GG',1,'0','PIX','BOTAFOGO','III 2024','Masculina'),('09/08/2025',46,'FLAMENGO III 2024 REG',' R$ 140,00 ','PAGO','P',1,'0','PIX','FLAMENGO','III 2024 REG','Masculina'),('09/08/2025',47,'FLAMENGO NFL',' R$ 160,00 ','PAGO','2GG',1,'0','PIX','FLAMENGO','NFL','Masculina'),('09/08/2025',48,'FLAMENGO ICON ',' R$ 140,00 ','PAGO','GG',1,'0','PIX','FLAMENGO','ICON','Masculina'),('09/08/2025',49,'BOTAFOGO I 2025',' R$ 140,00 ','PAGO','GG',1,'0','PIX','BOTAFOGO','I 2025','Masculina'),('09/08/2025',50,'BOTAFOGO IIII 2025',' R$ 140,00 ','PAGO','G',1,'0','PIX','BOTAFOGO','IIII 2025','Masculina'),('09/08/2025',51,'BOTAFOGO IIII 2025',' R$ 140,00 ','PAGO','GG',1,'0','PIX','BOTAFOGO','IIII 2025','Masculina'),('09/08/2025',52,'BOTAFOGO II 2024',' R$ 170,00 ','PAGO','GG',1,'0','PIX','BOTAFOGO','II 2024','Masculina'),('09/08/2025',53,'FLAMENGO II 2025 PLAYER',' R$ 180,00 ','PAGO','2GG',1,'0','PIX','FLAMENGO','II 2025 PLAYER','Masculina'),('09/08/2025',54,'BOTAFOGO I 2025',' R$ 140,00 ','PAGO','P',1,'0','PIX','BOTAFOGO','I 2025','Masculina'),('09/08/2025',55,'BOTAFOGO I 2025',' R$ 150,00 ','PAGO','GG',1,'0','PIX','BOTAFOGO','I 2025','Masculina'),('09/08/2025',56,'FLAMENGO I 2025',' R$ 100,00 ','PAGO','G',1,'0','PIX','FLAMENGO','I 2025','Masculina'),('10/08/2025',57,'FLAMENGO II 2025',' R$ 140,00 ','PAGO','G',1,'0','PIX','FLAMENGO','II 2025','Masculina'),('10/08/2025',58,'VASCO 2025 PRETA',' R$ 140,00 ','PAGO','2GG',1,'0','PIX','VASCO','2025 PRETA','Masculina'),('10/08/2025',59,'BOTAFOGO VERDE',' R$ 120,00 ','PAGO','4GG',1,'0','PIX','BOTAFOGO','VERDE','Masculina'),('10/08/2025',60,'BOTAFOGO IIII 2025',' R$ 110,00 ','PAGO','4GG',1,'0','PIX','BOTAFOGO','IIII 2025','Masculina'),('10/08/2025',61,'VASCO 2025 PRETA ',' R$ 140,00 ','PAGO','M',1,'0','PIX','VASCO','2025 PRETA','Masculina'),('11/08/2025',62,'BOTAFOGO I 2025',' R$ 140,00 ','PAGO','M',1,'0','PIX','BOTAFOGO','I 2025','Masculina'),('13/08/2025',63,'FLAMENGO ICON',' R$ 140,00 ','PAGO','M',1,'0','PIX','FLAMENGO','ICON','Masculina'),('13/08/2025',64,'FLUMINENSE BRANCA',' R$ 130,00 ','PAGO','2GG',1,'0','PIX','FLUMINENSE','BRANCA','Masculina'),('15/08/2025',65,'BOTAFOGO TREINO BRANCA',' R$ 80,00 ','PAGO','GG',1,'0','PIX','BOTAFOGO','TREINO BRANCA','Masculina'),('19/08/2025',66,'CORTA VENTO BARCELONA',' R$ 180,00 ','PAGO','GG',1,'0','PIX','BARCELONA','CORTA VENTO','Masculina'),('19/08/2025',67,'VASCO 2025 BRANCA',' R$ 140,00 ','PAGO','G',1,'0','PIX','VASCO','2025 BRANCA','Masculina'),('21/08/2025',68,'FLAMENGO I 2025',' R$ 140,00 ','PAGO','GG',1,'0','PIX','FLAMENGO','I 2025','Masculina'),('21/08/2025',69,'FLAMENGO II 2025',' R$ 140,00 ','PAGO','G',1,'0','PIX','FLAMENGO','II 2025','Masculina'),('21/08/2025',70,'VASCO 2025 PRETA',' R$ 140,00 ','PAGO','M',1,'0','PIX','VASCO','2025 PRETA','Masculina');
/*!40000 ALTER TABLE `vendas_temp` ENABLE KEYS */;
UNLOCK TABLES;
/*!40103 SET TIME_ZONE=@OLD_TIME_ZONE */;

/*!40101 SET SQL_MODE=@OLD_SQL_MODE */;
/*!40014 SET FOREIGN_KEY_CHECKS=@OLD_FOREIGN_KEY_CHECKS */;
/*!40014 SET UNIQUE_CHECKS=@OLD_UNIQUE_CHECKS */;
/*!40101 SET CHARACTER_SET_CLIENT=@OLD_CHARACTER_SET_CLIENT */;
/*!40101 SET CHARACTER_SET_RESULTS=@OLD_CHARACTER_SET_RESULTS */;
/*!40101 SET COLLATION_CONNECTION=@OLD_COLLATION_CONNECTION */;
/*!40111 SET SQL_NOTES=@OLD_SQL_NOTES */;

-- Dump completed on 2025-12-08 19:03:16
